case,fpr,tpr_mean,tpr_std,auc_mean,auc_std,n_seeds
mixed_in,0.0,0.2208438111204247,0.02333989001042943,0.7853321650225626,0.006984545991167514,15
mixed_in,0.002,0.2208438111204247,0.02333989001042943,0.7853321650225626,0.006984545991167514,15
mixed_in,0.004,0.270969544565521,0.031091130052965852,0.7853321650225626,0.006984545991167514,15
mixed_in,0.006,0.31243364068175467,0.02138255511315436,0.7853321650225626,0.006984545991167514,15
mixed_in,0.008,0.33310980720871747,0.017391998805411032,0.7853321650225626,0.006984545991167514,15
mixed_in,0.01,0.34948309583682585,0.013392227836762277,0.7853321650225626,0.006984545991167514,15
mixed_in,0.012,0.3593741268510758,0.018054491651351697,0.7853321650225626,0.006984545991167514,15
mixed_in,0.014,0.3593741268510758,0.018054491651351697,0.7853321650225626,0.006984545991167514,15
mixed_in,0.016,0.3703269069572507,0.015066887821335955,0.7853321650225626,0.006984545991167514,15
mixed_in,0.018000000000000002,0.37971500419111487,0.014405083827493982,0.7853321650225626,0.006984545991167514,15
mixed_in,0.02,0.3864207879295893,0.014997711828864568,0.7853321650225626,0.006984545991167514,15
mixed_in,0.022,0.3913383626711371,0.014604870960398017,0.7853321650225626,0.006984545991167514,15
mixed_in,0.024,0.3967029896619167,0.013322091394270064,0.7853321650225626,0.006984545991167514,15
mixed_in,0.026000000000000002,0.3967029896619167,0.013322091394270064,0.7853321650225626,0.006984545991167514,15
mixed_in,0.028,0.4043587594300084,0.01642232609724521,0.7853321650225626,0.006984545991167514,15
mixed_in,0.03,0.40899692651578656,0.01592025495144118,0.7853321650225626,0.006984545991167514,15
mixed_in,0.032,0.41603799944118475,0.016467520193208737,0.7853321650225626,0.006984545991167514,15
mixed_in,0.034,0.4235820061469685,0.01928924905738274,0.7853321650225626,0.006984545991167514,15
mixed_in,0.036000000000000004,0.4277172394523611,0.017676945667297057,0.7853321650225626,0.006984545991167514,15
mixed_in,0.038,0.4277172394523611,0.017676945667297057,0.7853321650225626,0.006984545991167514,15
mixed_in,0.04,0.43369656328583406,0.015482714148779027,0.7853321650225626,0.006984545991167514,15
mixed_in,0.042,0.43833473037161214,0.01496790749843707,0.7853321650225626,0.006984545991167514,15
mixed_in,0.044,0.44185526683431126,0.014592036400276152,0.7853321650225626,0.006984545991167514,15
mixed_in,0.046,0.44509639564124065,0.014122668183630315,0.7853321650225626,0.006984545991167514,15
mixed_in,0.048,0.4507963118189438,0.013527024681383795,0.7853321650225626,0.006984545991167514,15
mixed_in,0.05,0.4507963118189438,0.013527024681383795,0.7853321650225626,0.006984545991167514,15
mixed_in,0.052000000000000005,0.4545962559374127,0.01417123017438968,0.7853321650225626,0.006984545991167514,15
mixed_in,0.054,0.4580050293378039,0.014508119771601343,0.7853321650225626,0.006984545991167514,15
mixed_in,0.056,0.4620843811120424,0.014529627951601244,0.7853321650225626,0.006984545991167514,15
mixed_in,0.058,0.46499022073204804,0.014933443971797404,0.7853321650225626,0.006984545991167514,15
mixed_in,0.06,0.4678960603520537,0.015489973372815652,0.7853321650225626,0.006984545991167514,15
mixed_in,0.062,0.4678960603520537,0.015489973372815652,0.7853321650225626,0.006984545991167514,15
mixed_in,0.064,0.47175188600167645,0.016725856645414146,0.7853321650225626,0.006984545991167514,15
mixed_in,0.066,0.478290025146689,0.01642232609724521,0.7853321650225626,0.006984545991167514,15
mixed_in,0.068,0.48197820620285,0.014938252747658325,0.7853321650225626,0.006984545991167514,15
mixed_in,0.07,0.48505169041631746,0.014472129846780573,0.7853321650225626,0.006984545991167514,15
mixed_in,0.07200000000000001,0.48851634534786265,0.014685896035591482,0.7853321650225626,0.006984545991167514,15
mixed_in,0.074,0.4914221849678682,0.013283358502062933,0.7853321650225626,0.006984545991167514,15
mixed_in,0.076,0.4914221849678682,0.013283358502062933,0.7853321650225626,0.006984545991167514,15
mixed_in,0.078,0.494104498463258,0.013803530015873243,0.7853321650225626,0.006984545991167514,15
mixed_in,0.08,0.49723386420787924,0.014311128115711119,0.7853321650225626,0.006984545991167514,15
mixed_in,0.082,0.5003073484213467,0.014122225945042362,0.7853321650225626,0.006984545991167514,15
mixed_in,0.084,0.5030455434478904,0.014427394971203066,0.7853321650225626,0.006984545991167514,15
mixed_in,0.08600000000000001,0.50600726459905,0.014088353541576466,0.7853321650225626,0.006984545991167514,15
mixed_in,0.088,0.50600726459905,0.014088353541576466,0.7853321650225626,0.006984545991167514,15
mixed_in,0.09,0.5091366303436714,0.014178279880474768,0.7853321650225626,0.006984545991167514,15
mixed_in,0.092,0.5114277731209836,0.01463370756375113,0.7853321650225626,0.006984545991167514,15
mixed_in,0.094,0.5154512433640682,0.014484423885395841,0.7853321650225626,0.006984545991167514,15
mixed_in,0.096,0.5184129645152278,0.014937834654688899,0.7853321650225626,0.006984545991167514,15
mixed_in,0.098,0.5215423302598492,0.014717756827228609,0.7853321650225626,0.006984545991167514,15
mixed_in,0.1,0.5215423302598492,0.014717756827228609,0.7853321650225626,0.006984545991167514,15
mixed_in,0.10200000000000001,0.5248952221290863,0.01397664011864952,0.7853321650225626,0.006984545991167514,15
mixed_in,0.10400000000000001,0.5279687063425539,0.013351593574901819,0.7853321650225626,0.006984545991167514,15
mixed_in,0.106,0.5303157306510199,0.013255824781645451,0.7853321650225626,0.006984545991167514,15
mixed_in,0.108,0.533612740989103,0.013178329544288582,0.7853321650225626,0.006984545991167514,15
mixed_in,0.11,0.5368538697960326,0.013687667458866785,0.7853321650225626,0.006984545991167514,15
mixed_in,0.112,0.5368538697960326,0.013687667458866785,0.7853321650225626,0.006984545991167514,15
mixed_in,0.114,0.5400391170718077,0.01342715867519943,0.7853321650225626,0.006984545991167514,15
mixed_in,0.116,0.542106733724504,0.014127531894424623,0.7853321650225626,0.006984545991167514,15
mixed_in,0.11800000000000001,0.5435596535345069,0.013921793120838612,0.7853321650225626,0.006984545991167514,15
mixed_in,0.12,0.545850796311819,0.01485082574760789,0.7853321650225626,0.006984545991167514,15
mixed_in,0.122,0.5482537021514389,0.015265377885634101,0.7853321650225626,0.006984545991167514,15
mixed_in,0.124,0.5482537021514389,0.015265377885634101,0.7853321650225626,0.006984545991167514,15
mixed_in,0.126,0.5502654372729813,0.015177366251478544,0.7853321650225626,0.006984545991167514,15
mixed_in,0.128,0.5516624755518301,0.015003540710479447,0.7853321650225626,0.006984545991167514,15
mixed_in,0.13,0.5535065660799107,0.015229127029336617,0.7853321650225626,0.006984545991167514,15
mixed_in,0.132,0.5564682872310701,0.0149754162733296,0.7853321650225626,0.006984545991167514,15
mixed_in,0.134,0.5589270746018441,0.01519998191929267,0.7853321650225626,0.006984545991167514,15
mixed_in,0.136,0.5589270746018441,0.01519998191929267,0.7853321650225626,0.006984545991167514,15
mixed_in,0.138,0.5617211511595418,0.014773876307632092,0.7853321650225626,0.006984545991167514,15
mixed_in,0.14,0.5655769768091647,0.014955384495855503,0.7853321650225626,0.006984545991167514,15
mixed_in,0.14200000000000002,0.5688181056160939,0.015115308581898206,0.7853321650225626,0.006984545991167514,15
mixed_in,0.14400000000000002,0.5715004191114835,0.015574414317424309,0.7853321650225626,0.006984545991167514,15
mixed_in,0.146,0.5747415479184129,0.014520598396344628,0.7853321650225626,0.006984545991167514,15
mixed_in,0.148,0.5785414920368819,0.014910633465234002,0.7853321650225626,0.006984545991167514,15
mixed_in,0.15,0.5785414920368819,0.014910633465234002,0.7853321650225626,0.006984545991167514,15
mixed_in,0.152,0.5800502933780385,0.014884851189569387,0.7853321650225626,0.006984545991167514,15
mixed_in,0.154,0.5841855266834309,0.01649253243538126,0.7853321650225626,0.006984545991167514,15
mixed_in,0.156,0.5873707739592064,0.017594608685252113,0.7853321650225626,0.006984545991167514,15
mixed_in,0.158,0.5894942721430567,0.01699055876746999,0.7853321650225626,0.006984545991167514,15
mixed_in,0.16,0.5913383626711373,0.017224388559935078,0.7853321650225626,0.006984545991167514,15
mixed_in,0.162,0.5913383626711373,0.017224388559935078,0.7853321650225626,0.006984545991167514,15
mixed_in,0.164,0.5937412685107571,0.01736198794615313,0.7853321650225626,0.006984545991167514,15
mixed_in,0.166,0.5970382788488405,0.0176954848671811,0.7853321650225626,0.006984545991167514,15
mixed_in,0.168,0.5989941324392288,0.017912101108725004,0.7853321650225626,0.006984545991167514,15
mixed_in,0.17,0.6017882089969265,0.017171549824305028,0.7853321650225626,0.006984545991167514,15
mixed_in,0.17200000000000001,0.6032411288069294,0.016924817485770325,0.7853321650225626,0.006984545991167514,15
mixed_in,0.17400000000000002,0.6032411288069294,0.016924817485770325,0.7853321650225626,0.006984545991167514,15
mixed_in,0.176,0.6058116792400111,0.017527926164953644,0.7853321650225626,0.006984545991167514,15
mixed_in,0.178,0.6078792958927075,0.018152124303288067,0.7853321650225626,0.006984545991167514,15
mixed_in,0.18,0.6092204526404024,0.017681538137046385,0.7853321650225626,0.006984545991167514,15
mixed_in,0.182,0.6119586476669461,0.01823519767892192,0.7853321650225626,0.006984545991167514,15
mixed_in,0.184,0.6143615535065661,0.018080417374772114,0.7853321650225626,0.006984545991167514,15
mixed_in,0.186,0.6143615535065661,0.018080417374772114,0.7853321650225626,0.006984545991167514,15
mixed_in,0.188,0.6159262363788768,0.018469332150126912,0.7853321650225626,0.006984545991167514,15
mixed_in,0.19,0.6178262084381113,0.017840479668423066,0.7853321650225626,0.006984545991167514,15
mixed_in,0.192,0.6189997205923441,0.01780210527605813,0.7853321650225626,0.006984545991167514,15
mixed_in,0.194,0.6204526404023469,0.01788436001238289,0.7853321650225626,0.006984545991167514,15
mixed_in,0.196,0.6230231908354289,0.01660857017105201,0.7853321650225626,0.006984545991167514,15
mixed_in,0.198,0.6230231908354289,0.01660857017105201,0.7853321650225626,0.006984545991167514,15
mixed_in,0.2,0.625314333612741,0.015948279623168846,0.7853321650225626,0.006984545991167514,15
mixed_in,0.202,0.6283878178262086,0.016430500618037604,0.7853321650225626,0.006984545991167514,15
mixed_in,0.20400000000000001,0.6306230790723666,0.016886026584324396,0.7853321650225626,0.006984545991167514,15
mixed_in,0.20600000000000002,0.6318524727577536,0.016840286740955446,0.7853321650225626,0.006984545991167514,15
mixed_in,0.20800000000000002,0.6343112601285276,0.016472639423360146,0.7853321650225626,0.006984545991167514,15
mixed_in,0.21,0.6343112601285276,0.016472639423360146,0.7853321650225626,0.006984545991167514,15
mixed_in,0.212,0.6363788767812238,0.016765018152184345,0.7853321650225626,0.006984545991167514,15
mixed_in,0.214,0.6375523889354568,0.016487798180954808,0.7853321650225626,0.006984545991167514,15
mixed_in,0.216,0.6404582285554624,0.01599071275760549,0.7853321650225626,0.006984545991167514,15
mixed_in,0.218,0.6420979044425816,0.017021022483282158,0.7853321650225626,0.006984545991167514,15
mixed_in,0.22,0.6436993573623917,0.017070321491900145,0.7853321650225626,0.006984545991167514,15
mixed_in,0.222,0.6464934339200894,0.017581292414340095,0.7853321650225626,0.006984545991167514,15
mixed_in,0.224,0.6464934339200894,0.017581292414340095,0.7853321650225626,0.006984545991167514,15
mixed_in,0.226,0.649511036602403,0.016805946616411688,0.7853321650225626,0.006984545991167514,15
mixed_in,0.228,0.6509639564124058,0.01606766515273126,0.7853321650225626,0.006984545991167514,15
mixed_in,0.23,0.652975691533948,0.01636002808284549,0.7853321650225626,0.006984545991167514,15
mixed_in,0.232,0.6540374406258731,0.016907649637343217,0.7853321650225626,0.006984545991167514,15
mixed_in,0.234,0.6553227158424141,0.016890279455965773,0.7853321650225626,0.006984545991167514,15
mixed_in,0.23600000000000002,0.6553227158424141,0.016890279455965773,0.7853321650225626,0.006984545991167514,15
mixed_in,0.23800000000000002,0.6576138586197262,0.017518302975101856,0.7853321650225626,0.006984545991167514,15
mixed_in,0.24,0.6591226599608828,0.018158488370203205,0.7853321650225626,0.006984545991167514,15
mixed_in,0.242,0.6599608829281922,0.017592478759247385,0.7853321650225626,0.006984545991167514,15
mixed_in,0.244,0.6615255658005028,0.018329312588226794,0.7853321650225626,0.006984545991167514,15
mixed_in,0.246,0.663816708577815,0.017086777637435553,0.7853321650225626,0.006984545991167514,15
mixed_in,0.248,0.663816708577815,0.017086777637435553,0.7853321650225626,0.006984545991167514,15
mixed_in,0.25,0.6654931545124337,0.016960205812663224,0.7853321650225626,0.006984545991167514,15
mixed_in,0.252,0.6675607711651299,0.016713529792170227,0.7853321650225626,0.006984545991167514,15
mixed_in,0.254,0.6687901648505169,0.016134770012707907,0.7853321650225626,0.006984545991167514,15
mixed_in,0.256,0.6708018999720592,0.016518073962287848,0.7853321650225626,0.006984545991167514,15
mixed_in,0.258,0.6725901089689857,0.016927953812391396,0.7853321650225626,0.006984545991167514,15
mixed_in,0.26,0.6725901089689857,0.016927953812391396,0.7853321650225626,0.006984545991167514,15
mixed_in,0.262,0.6748812517462979,0.016708110571616513,0.7853321650225626,0.006984545991167514,15
mixed_in,0.264,0.6762782900251467,0.017639100686833577,0.7853321650225626,0.006984545991167514,15
mixed_in,0.266,0.6777312098351496,0.017531667090042495,0.7853321650225626,0.006984545991167514,15
mixed_in,0.268,0.6789606035205363,0.01758004904774714,0.7853321650225626,0.006984545991167514,15
mixed_in,0.27,0.6803017602682314,0.016620786986328066,0.7853321650225626,0.006984545991167514,15
mixed_in,0.272,0.6803017602682314,0.016620786986328066,0.7853321650225626,0.006984545991167514,15
mixed_in,0.274,0.68169879854708,0.016760174547892307,0.7853321650225626,0.006984545991167514,15
mixed_in,0.276,0.6827605476390055,0.01660687790366763,0.7853321650225626,0.006984545991167514,15
mixed_in,0.278,0.684492875104778,0.016702315667321953,0.7853321650225626,0.006984545991167514,15
mixed_in,0.28,0.6854987426655491,0.016790145173124032,0.7853321650225626,0.006984545991167514,15
mixed_in,0.28200000000000003,0.6865604917574741,0.016793678550707607,0.7853321650225626,0.006984545991167514,15
mixed_in,0.28400000000000003,0.6865604917574741,0.016793678550707607,0.7853321650225626,0.006984545991167514,15
mixed_in,0.28600000000000003,0.6883487007544006,0.016809662444399156,0.7853321650225626,0.006984545991167514,15
mixed_in,0.28800000000000003,0.6900251466890193,0.017604544932654467,0.7853321650225626,0.006984545991167514,15
mixed_in,0.29,0.6909192511874827,0.017509209550519524,0.7853321650225626,0.006984545991167514,15
mixed_in,0.292,0.6917574741547917,0.01782997435041689,0.7853321650225626,0.006984545991167514,15
mixed_in,0.294,0.694048616932104,0.016533757684828166,0.7853321650225626,0.006984545991167514,15
mixed_in,0.296,0.6955574182732606,0.016576764314534045,0.7853321650225626,0.006984545991167514,15
mixed_in,0.298,0.6955574182732606,0.016576764314534045,0.7853321650225626,0.006984545991167514,15
mixed_in,0.3,0.6961721151159542,0.016764086798505613,0.7853321650225626,0.006984545991167514,15
mixed_in,0.302,0.697625034925957,0.015390670517747498,0.7853321650225626,0.006984545991167514,15
mixed_in,0.304,0.6999161777032692,0.01641719117833372,0.7853321650225626,0.006984545991167514,15
mixed_in,0.306,0.7018720312936575,0.016637312380824484,0.7853321650225626,0.006984545991167514,15
mixed_in,0.308,0.7034367141659682,0.017274173534553922,0.7853321650225626,0.006984545991167514,15
mixed_in,0.31,0.7034367141659682,0.017274173534553922,0.7853321650225626,0.006984545991167514,15
mixed_in,0.312,0.7051131601005868,0.017203526667316702,0.7853321650225626,0.006984545991167514,15
mixed_in,0.314,0.7069572506286672,0.017289351999133257,0.7853321650225626,0.006984545991167514,15
mixed_in,0.316,0.7082984073763622,0.01744363276010207,0.7853321650225626,0.006984545991167514,15
mixed_in,0.318,0.7095278010617492,0.017616957360998095,0.7853321650225626,0.006984545991167514,15
mixed_in,0.32,0.7113718915898296,0.017109242105660272,0.7853321650225626,0.006984545991167514,15
mixed_in,0.322,0.7113718915898296,0.017109242105660272,0.7853321650225626,0.006984545991167514,15
mixed_in,0.324,0.7129924559932943,0.01757418627750951,0.7853321650225626,0.006984545991167514,15
mixed_in,0.326,0.7147247834590668,0.017437365961710465,0.7853321650225626,0.006984545991167514,15
mixed_in,0.328,0.7171276892986869,0.01628790866705464,0.7853321650225626,0.006984545991167514,15
mixed_in,0.33,0.7184129645152276,0.015742730886840712,0.7853321650225626,0.006984545991167514,15
mixed_in,0.332,0.7197541212629227,0.015557763514521887,0.7853321650225626,0.006984545991167514,15
mixed_in,0.334,0.7197541212629227,0.015557763514521887,0.7853321650225626,0.006984545991167514,15
mixed_in,0.336,0.7214305671975414,0.01594436305149312,0.7853321650225626,0.006984545991167514,15
mixed_in,0.338,0.7233305392567756,0.015320510584645196,0.7853321650225626,0.006984545991167514,15
mixed_in,0.34,0.7244481698798547,0.015427149035856931,0.7853321650225626,0.006984545991167514,15
mixed_in,0.342,0.7252863928471641,0.015311335587631005,0.7853321650225626,0.006984545991167514,15
mixed_in,0.34400000000000003,0.7269069572506288,0.01474637268337348,0.7853321650225626,0.006984545991167514,15
mixed_in,0.34600000000000003,0.7269069572506288,0.01474637268337348,0.7853321650225626,0.006984545991167514,15
mixed_in,0.34800000000000003,0.7293657446214026,0.013217606481200527,0.7853321650225626,0.006984545991167514,15
mixed_in,0.35000000000000003,0.7318245319921765,0.013842837727196841,0.7853321650225626,0.006984545991167514,15
mixed_in,0.352,0.7340039117071808,0.012648250993721227,0.7853321650225626,0.006984545991167514,15
mixed_in,0.354,0.7354009499860297,0.013308723685144856,0.7853321650225626,0.006984545991167514,15
mixed_in,0.356,0.7367979882648784,0.01303250279326112,0.7853321650225626,0.006984545991167514,15
mixed_in,0.358,0.7387538418552668,0.012095479643427427,0.7853321650225626,0.006984545991167514,15
mixed_in,0.36,0.7387538418552668,0.012095479643427427,0.7853321650225626,0.006984545991167514,15
mixed_in,0.362,0.7398714724783457,0.012048918599438197,0.7853321650225626,0.006984545991167514,15
mixed_in,0.364,0.7436155350656608,0.012413500740433642,0.7853321650225626,0.006984545991167514,15
mixed_in,0.366,0.7449008102822017,0.011982647420273673,0.7853321650225626,0.006984545991167514,15
mixed_in,0.368,0.7460743224364348,0.011458303225857355,0.7853321650225626,0.006984545991167514,15
mixed_in,0.37,0.7477507683710534,0.0115924212692846,0.7853321650225626,0.006984545991167514,15
mixed_in,0.372,0.7477507683710534,0.0115924212692846,0.7853321650225626,0.006984545991167514,15
mixed_in,0.374,0.7487566359318246,0.011433749106104826,0.7853321650225626,0.006984545991167514,15
mixed_in,0.376,0.7502095557418273,0.011778946626766758,0.7853321650225626,0.006984545991167514,15
mixed_in,0.378,0.7509360156468288,0.012096254142407533,0.7853321650225626,0.006984545991167514,15
mixed_in,0.38,0.7527242246437551,0.011598615312987616,0.7853321650225626,0.006984545991167514,15
mixed_in,0.382,0.7542889075160659,0.011573819248728365,0.7853321650225626,0.006984545991167514,15
mixed_in,0.384,0.7542889075160659,0.011573819248728365,0.7853321650225626,0.006984545991167514,15
mixed_in,0.386,0.7559653534506846,0.012371923642255075,0.7853321650225626,0.006984545991167514,15
mixed_in,0.388,0.7576976809164573,0.012791134781176945,0.7853321650225626,0.006984545991167514,15
mixed_in,0.39,0.7592064822576139,0.011672954990019817,0.7853321650225626,0.006984545991167514,15
mixed_in,0.392,0.760156468287231,0.011174350206033194,0.7853321650225626,0.006984545991167514,15
mixed_in,0.394,0.7616093880972338,0.01057977743462542,0.7853321650225626,0.006984545991167514,15
mixed_in,0.396,0.7616093880972338,0.01057977743462542,0.7853321650225626,0.006984545991167514,15
mixed_in,0.398,0.7628946633137748,0.010650673871113988,0.7853321650225626,0.006984545991167514,15
mixed_in,0.4,0.7645152277172397,0.010727798634648237,0.7853321650225626,0.006984545991167514,15
mixed_in,0.402,0.766303436714166,0.011221757260129606,0.7853321650225626,0.006984545991167514,15
mixed_in,0.404,0.7670857781503213,0.01145993829660448,0.7853321650225626,0.006984545991167514,15
mixed_in,0.406,0.7696004470522493,0.011614220406874839,0.7853321650225626,0.006984545991167514,15
mixed_in,0.40800000000000003,0.7696004470522493,0.011614220406874839,0.7853321650225626,0.006984545991167514,15
mixed_in,0.41000000000000003,0.7702710254260966,0.011828418764240527,0.7853321650225626,0.006984545991167514,15
mixed_in,0.41200000000000003,0.7720033528918692,0.011444122827075283,0.7853321650225626,0.006984545991167514,15
mixed_in,0.41400000000000003,0.7726180497345627,0.011343262607179659,0.7853321650225626,0.006984545991167514,15
mixed_in,0.41600000000000004,0.7760268231349539,0.011108483790812411,0.7853321650225626,0.006984545991167514,15
mixed_in,0.418,0.7776473875384186,0.010462538965383234,0.7853321650225626,0.006984545991167514,15
mixed_in,0.42,0.7776473875384186,0.010462538965383234,0.7853321650225626,0.006984545991167514,15
mixed_in,0.422,0.7789326627549594,0.00982053322211286,0.7853321650225626,0.006984545991167514,15
mixed_in,0.424,0.7807208717518859,0.009566030254945249,0.7853321650225626,0.006984545991167514,15
mixed_in,0.426,0.7820061469684269,0.009525137713308958,0.7853321650225626,0.006984545991167514,15
mixed_in,0.428,0.7841855266834313,0.009997329305603262,0.7853321650225626,0.006984545991167514,15
mixed_in,0.43,0.785694328024588,0.010684922852387483,0.7853321650225626,0.006984545991167514,15
mixed_in,0.432,0.7883207599888237,0.009571251887569318,0.7853321650225626,0.006984545991167514,15
mixed_in,0.434,0.7883207599888237,0.009571251887569318,0.7853321650225626,0.006984545991167514,15
mixed_in,0.436,0.7894942721430566,0.008975207158609154,0.7853321650225626,0.006984545991167514,15
mixed_in,0.438,0.7907795473595977,0.00940305358751394,0.7853321650225626,0.006984545991167514,15
mixed_in,0.44,0.7918412964515228,0.009352438298664632,0.7853321650225626,0.006984545991167514,15
mixed_in,0.442,0.7931265716680637,0.009091016612079368,0.7853321650225626,0.006984545991167514,15
mixed_in,0.444,0.7945236099469126,0.009536932742514036,0.7853321650225626,0.006984545991167514,15
mixed_in,0.446,0.7945236099469126,0.009536932742514036,0.7853321650225626,0.006984545991167514,15
mixed_in,0.448,0.7964794635373009,0.009956639965791932,0.7853321650225626,0.006984545991167514,15
mixed_in,0.45,0.7978765018161497,0.010816505156764643,0.7853321650225626,0.006984545991167514,15
mixed_in,0.452,0.7986029617211512,0.010688429363290517,0.7853321650225626,0.006984545991167514,15
mixed_in,0.454,0.8002235261246159,0.012013879395281857,0.7853321650225626,0.006984545991167514,15
mixed_in,0.456,0.8011735121542329,0.011587301953200603,0.7853321650225626,0.006984545991167514,15
mixed_in,0.458,0.8011735121542329,0.011587301953200603,0.7853321650225626,0.006984545991167514,15
mixed_in,0.46,0.8022352612461582,0.011164285236831701,0.7853321650225626,0.006984545991167514,15
mixed_in,0.462,0.8040793517742386,0.011425552673280484,0.7853321650225626,0.006984545991167514,15
mixed_in,0.464,0.8051969823973176,0.011402297450549517,0.7853321650225626,0.006984545991167514,15
mixed_in,0.466,0.8061469684269348,0.010999438739596175,0.7853321650225626,0.006984545991167514,15
mixed_in,0.468,0.8070410729253982,0.010942796711423146,0.7853321650225626,0.006984545991167514,15
mixed_in,0.47000000000000003,0.8070410729253982,0.010942796711423146,0.7853321650225626,0.006984545991167514,15
mixed_in,0.47200000000000003,0.8081028220173232,0.011652873738714051,0.7853321650225626,0.006984545991167514,15
mixed_in,0.47400000000000003,0.8089410449846326,0.011507254286074185,0.7853321650225626,0.006984545991167514,15
mixed_in,0.47600000000000003,0.8111763062307907,0.012110186653983317,0.7853321650225626,0.006984545991167514,15
mixed_in,0.47800000000000004,0.8137468566638726,0.01200425820097159,0.7853321650225626,0.006984545991167514,15
mixed_in,0.48,0.815535065660799,0.011648853334328177,0.7853321650225626,0.006984545991167514,15
mixed_in,0.482,0.815535065660799,0.011648853334328177,0.7853321650225626,0.006984545991167514,15
mixed_in,0.484,0.8170438670019559,0.011433749106104845,0.7853321650225626,0.006984545991167514,15
mixed_in,0.486,0.818105616093881,0.010911933230840694,0.7853321650225626,0.006984545991167514,15
mixed_in,0.488,0.8196144174350377,0.010492641049708705,0.7853321650225626,0.006984545991167514,15
mixed_in,0.49,0.8211791003073484,0.010793962919361681,0.7853321650225626,0.006984545991167514,15
mixed_in,0.492,0.8221290863369657,0.010791937595595028,0.7853321650225626,0.006984545991167514,15
mixed_in,0.494,0.8221290863369657,0.010791937595595028,0.7853321650225626,0.006984545991167514,15
mixed_in,0.496,0.8231908354288907,0.011359768309183671,0.7853321650225626,0.006984545991167514,15
mixed_in,0.498,0.8245878737077397,0.011568151826900536,0.7853321650225626,0.006984545991167514,15
mixed_in,0.5,0.8260966750488964,0.011610186617524478,0.7853321650225626,0.006984545991167514,15
mixed_in,0.502,0.8269348980162056,0.011553565690885998,0.7853321650225626,0.006984545991167514,15
mixed_in,0.504,0.8282760547639005,0.01221954172548453,0.7853321650225626,0.006984545991167514,15
mixed_in,0.506,0.8292260407935177,0.01224864016780452,0.7853321650225626,0.006984545991167514,15
mixed_in,0.508,0.8292260407935177,0.01224864016780452,0.7853321650225626,0.006984545991167514,15
mixed_in,0.51,0.8306230790723668,0.01201699812835784,0.7853321650225626,0.006984545991167514,15
mixed_in,0.512,0.8314054205085218,0.012208036405732396,0.7853321650225626,0.006984545991167514,15
mixed_in,0.514,0.8319083542889075,0.012173455203522858,0.7853321650225626,0.006984545991167514,15
mixed_in,0.516,0.8335848002235262,0.012134916066250523,0.7853321650225626,0.006984545991167514,15
mixed_in,0.518,0.8352612461581448,0.012211872716721665,0.7853321650225626,0.006984545991167514,15
mixed_in,0.52,0.8352612461581448,0.012211872716721665,0.7853321650225626,0.006984545991167514,15
mixed_in,0.522,0.8359877060631462,0.012013879395281826,0.7853321650225626,0.006984545991167514,15
mixed_in,0.524,0.8363788767812239,0.011914173095265868,0.7853321650225626,0.006984545991167514,15
mixed_in,0.526,0.837608270466611,0.012400664522084565,0.7853321650225626,0.006984545991167514,15
mixed_in,0.528,0.838502374965074,0.012588857587112375,0.7853321650225626,0.006984545991167514,15
mixed_in,0.53,0.8407935177423862,0.01247973598556782,0.7853321650225626,0.006984545991167514,15
mixed_in,0.532,0.8407935177423862,0.01247973598556782,0.7853321650225626,0.006984545991167514,15
mixed_in,0.534,0.8418552668343112,0.012637135992898086,0.7853321650225626,0.006984545991167514,15
mixed_in,0.536,0.8432523051131601,0.012578931421494762,0.7853321650225626,0.006984545991167514,15
mixed_in,0.538,0.844425817267393,0.012901737379794033,0.7853321650225626,0.006984545991167514,15
mixed_in,0.54,0.8456552109527801,0.012810894339004621,0.7853321650225626,0.006984545991167514,15
mixed_in,0.542,0.8466051969823974,0.012956805137693834,0.7853321650225626,0.006984545991167514,15
mixed_in,0.544,0.8466051969823974,0.012956805137693834,0.7853321650225626,0.006984545991167514,15
mixed_in,0.546,0.8473875384185526,0.013073651116526424,0.7853321650225626,0.006984545991167514,15
mixed_in,0.548,0.848281642917016,0.012767431862303285,0.7853321650225626,0.006984545991167514,15
mixed_in,0.55,0.8497904442581726,0.012243795229847572,0.7853321650225626,0.006984545991167514,15
mixed_in,0.552,0.8511874825370215,0.012257814798653566,0.7853321650225626,0.006984545991167514,15
mixed_in,0.554,0.8518580609108689,0.012237162206295405,0.7853321650225626,0.006984545991167514,15
mixed_in,0.556,0.8518580609108689,0.012237162206295405,0.7853321650225626,0.006984545991167514,15
mixed_in,0.558,0.8526962838781781,0.012419536723159348,0.7853321650225626,0.006984545991167514,15
mixed_in,0.56,0.8539256775635651,0.012102448349936016,0.7853321650225626,0.006984545991167514,15
mixed_in,0.562,0.8547080189997208,0.012184224317378726,0.7853321650225626,0.006984545991167514,15
mixed_in,0.5640000000000001,0.8558815311539536,0.011693001754367638,0.7853321650225626,0.006984545991167514,15
mixed_in,0.5660000000000001,0.8577256216820343,0.012475982041657197,0.7853321650225626,0.006984545991167514,15
mixed_in,0.5680000000000001,0.8577256216820343,0.012475982041657197,0.7853321650225626,0.006984545991167514,15
mixed_in,0.5700000000000001,0.8583403185247275,0.012455440483491492,0.7853321650225626,0.006984545991167514,15
mixed_in,0.5720000000000001,0.8596255937412686,0.012503734538533096,0.7853321650225626,0.006984545991167514,15
mixed_in,0.5740000000000001,0.861357921207041,0.01220394301145807,0.7853321650225626,0.006984545991167514,15
mixed_in,0.5760000000000001,0.8624755518301203,0.012576945248281988,0.7853321650225626,0.006984545991167514,15
mixed_in,0.578,0.863984353171277,0.012640100948789087,0.7853321650225626,0.006984545991167514,15
mixed_in,0.58,0.8648225761385862,0.012520955087070358,0.7853321650225626,0.006984545991167514,15
mixed_in,0.582,0.8648225761385862,0.012520955087070358,0.7853321650225626,0.006984545991167514,15
mixed_in,0.584,0.8659402067616654,0.011351518458201397,0.7853321650225626,0.006984545991167514,15
mixed_in,0.586,0.8672254819782061,0.01171834509123305,0.7853321650225626,0.006984545991167514,15
mixed_in,0.588,0.8688460463816708,0.011849783763307387,0.7853321650225626,0.006984545991167514,15
mixed_in,0.59,0.8699077954735958,0.012350450512863542,0.7853321650225626,0.006984545991167514,15
mixed_in,0.592,0.8715283598770606,0.011437845119911201,0.7853321650225626,0.006984545991167514,15
mixed_in,0.594,0.8715283598770606,0.011437845119911201,0.7853321650225626,0.006984545991167514,15
mixed_in,0.596,0.8722548197820619,0.011377622465017355,0.7853321650225626,0.006984545991167514,15
mixed_in,0.598,0.8740430287789884,0.011326732852528441,0.7853321650225626,0.006984545991167514,15
mixed_in,0.6,0.875775356244761,0.011603460519066685,0.7853321650225626,0.006984545991167514,15
mixed_in,0.602,0.8773400391170718,0.011455032384201902,0.7853321650225626,0.006984545991167514,15
mixed_in,0.604,0.8787929589270745,0.01028341647646689,0.7853321650225626,0.006984545991167514,15
mixed_in,0.606,0.8787929589270745,0.01028341647646689,0.7853321650225626,0.006984545991167514,15
mixed_in,0.608,0.8801899972059234,0.010162759736627835,0.7853321650225626,0.006984545991167514,15
mixed_in,0.61,0.8810282201732328,0.010254527428355248,0.7853321650225626,0.006984545991167514,15
mixed_in,0.612,0.8816429170159262,0.010344273687850849,0.7853321650225626,0.006984545991167514,15
mixed_in,0.614,0.8830958368259292,0.011377896925509392,0.7853321650225626,0.006984545991167514,15
mixed_in,0.616,0.8841575859178542,0.011040810399566203,0.7853321650225626,0.006984545991167514,15
mixed_in,0.618,0.8841575859178542,0.011040810399566203,0.7853321650225626,0.006984545991167514,15
mixed_in,0.62,0.8852193350097792,0.011160088820597025,0.7853321650225626,0.006984545991167514,15
mixed_in,0.622,0.8870075440067057,0.010506025094925379,0.7853321650225626,0.006984545991167514,15
mixed_in,0.624,0.8879016485051691,0.010688429363290503,0.7853321650225626,0.006984545991167514,15
mixed_in,0.626,0.8890192791282481,0.010301620449781874,0.7853321650225626,0.006984545991167514,15
mixed_in,0.628,0.8898575020955574,0.010118106999949734,0.7853321650225626,0.006984545991167514,15
mixed_in,0.63,0.8898575020955574,0.010118106999949734,0.7853321650225626,0.006984545991167514,15
mixed_in,0.632,0.8905839620005588,0.00994094587330574,0.7853321650225626,0.006984545991167514,15
mixed_in,0.634,0.891701592623638,0.009975440284583852,0.7853321650225626,0.006984545991167514,15
mixed_in,0.636,0.8928192232467169,0.00984625601645254,0.7853321650225626,0.006984545991167514,15
mixed_in,0.638,0.8936015646828721,0.009205029986437232,0.7853321650225626,0.006984545991167514,15
mixed_in,0.64,0.8946633137747974,0.009221299291397245,0.7853321650225626,0.006984545991167514,15
mixed_in,0.642,0.8946633137747974,0.009221299291397245,0.7853321650225626,0.006984545991167514,15
mixed_in,0.644,0.8955574182732607,0.009191450234281846,0.7853321650225626,0.006984545991167514,15
mixed_in,0.646,0.8967309304274939,0.009776233912449077,0.7853321650225626,0.006984545991167514,15
mixed_in,0.648,0.8985750209555743,0.009334055930980766,0.7853321650225626,0.006984545991167514,15
mixed_in,0.65,0.8994691254540375,0.008946980427219196,0.7853321650225626,0.006984545991167514,15
mixed_in,0.652,0.9016485051690416,0.007674306521420695,0.7853321650225626,0.006984545991167514,15
mixed_in,0.654,0.9022632020117349,0.007950903117891,0.7853321650225626,0.006984545991167514,15
mixed_in,0.656,0.9022632020117349,0.007950903117891,0.7853321650225626,0.006984545991167514,15
mixed_in,0.658,0.9029337803855825,0.007695842488660714,0.7853321650225626,0.006984545991167514,15
mixed_in,0.66,0.9039955294775077,0.007357711356527643,0.7853321650225626,0.006984545991167514,15
mixed_in,0.662,0.9046661078513553,0.007187677090053553,0.7853321650225626,0.006984545991167514,15
mixed_in,0.664,0.9061749091925119,0.006722991797999777,0.7853321650225626,0.006984545991167514,15
mixed_in,0.666,0.9077954735959765,0.007320267289773821,0.7853321650225626,0.006984545991167514,15
mixed_in,0.668,0.9077954735959765,0.007320267289773821,0.7853321650225626,0.006984545991167514,15
mixed_in,0.67,0.9084660519698237,0.007321546944934341,0.7853321650225626,0.006984545991167514,15
mixed_in,0.672,0.9092483934059792,0.007531371037197636,0.7853321650225626,0.006984545991167514,15
mixed_in,0.674,0.9113718915898296,0.006833559582497641,0.7853321650225626,0.006984545991167514,15
mixed_in,0.676,0.9120983514948308,0.006570774658771143,0.7853321650225626,0.006984545991167514,15
mixed_in,0.678,0.9128248113998325,0.006521640440746643,0.7853321650225626,0.006984545991167514,15
mixed_in,0.68,0.9128248113998325,0.006521640440746643,0.7853321650225626,0.006984545991167514,15
mixed_in,0.682,0.9143336127409891,0.006053803884415005,0.7853321650225626,0.006984545991167514,15
mixed_in,0.684,0.9152277172394523,0.006074402119788174,0.7853321650225626,0.006984545991167514,15
mixed_in,0.686,0.9158424140821458,0.005575285548471371,0.7853321650225626,0.006984545991167514,15
mixed_in,0.6880000000000001,0.9164012293936855,0.005314330674699625,0.7853321650225626,0.006984545991167514,15
mixed_in,0.6900000000000001,0.9175747415479184,0.004738411159698252,0.7853321650225626,0.006984545991167514,15
mixed_in,0.6920000000000001,0.9175747415479184,0.004738411159698252,0.7853321650225626,0.006984545991167514,15
mixed_in,0.6940000000000001,0.9183570829840738,0.004759453333303751,0.7853321650225626,0.006984545991167514,15
mixed_in,0.6960000000000001,0.9188041352333055,0.004895936544020029,0.7853321650225626,0.006984545991167514,15
mixed_in,0.6980000000000001,0.9194747136071529,0.004766009960373372,0.7853321650225626,0.006984545991167514,15
mixed_in,0.7000000000000001,0.9200335289186925,0.004271922850766452,0.7853321650225626,0.006984545991167514,15
mixed_in,0.7020000000000001,0.9204246996367702,0.004322789517924273,0.7853321650225626,0.006984545991167514,15
mixed_in,0.704,0.9204246996367702,0.004322789517924273,0.7853321650225626,0.006984545991167514,15
mixed_in,0.706,0.9218776194467727,0.003981338503617061,0.7853321650225626,0.006984545991167514,15
mixed_in,0.708,0.9229952500698518,0.0041503089416322254,0.7853321650225626,0.006984545991167514,15
mixed_in,0.71,0.923945236099469,0.004471919312376107,0.7853321650225626,0.006984545991167514,15
mixed_in,0.712,0.9247275775356243,0.00499382075725039,0.7853321650225626,0.006984545991167514,15
mixed_in,0.714,0.9258452081587035,0.004305417219169207,0.7853321650225626,0.006984545991167514,15
mixed_in,0.716,0.9271863649063984,0.004070539000050136,0.7853321650225626,0.006984545991167514,15
mixed_in,0.718,0.9271863649063984,0.004070539000050136,0.7853321650225626,0.006984545991167514,15
mixed_in,0.72,0.9278569432802457,0.004257277888737836,0.7853321650225626,0.006984545991167514,15
mixed_in,0.722,0.9280245878737077,0.004127674839367284,0.7853321650225626,0.006984545991167514,15
mixed_in,0.724,0.9286951662475553,0.004123133108845313,0.7853321650225626,0.006984545991167514,15
mixed_in,0.726,0.9291981000279408,0.004000899093527516,0.7853321650225626,0.006984545991167514,15
mixed_in,0.728,0.9299245599329423,0.004046687228886641,0.7853321650225626,0.006984545991167514,15
mixed_in,0.73,0.9299245599329423,0.004046687228886641,0.7853321650225626,0.006984545991167514,15
mixed_in,0.732,0.9309304274937134,0.004401535326630963,0.7853321650225626,0.006984545991167514,15
mixed_in,0.734,0.931545124336407,0.004204133640414436,0.7853321650225626,0.006984545991167514,15
mixed_in,0.736,0.9328303995529478,0.004412872203945147,0.7853321650225626,0.006984545991167514,15
mixed_in,0.738,0.933780385582565,0.004083559856148668,0.7853321650225626,0.006984545991167514,15
mixed_in,0.74,0.9346186085498743,0.004072073026484862,0.7853321650225626,0.006984545991167514,15
mixed_in,0.742,0.9346186085498743,0.004072073026484862,0.7853321650225626,0.006984545991167514,15
mixed_in,0.744,0.936071528359877,0.0046566452430287005,0.7853321650225626,0.006984545991167514,15
mixed_in,0.746,0.9364626990779548,0.0048123051448138495,0.7853321650225626,0.006984545991167514,15
mixed_in,0.748,0.9376362112321878,0.004788887462560159,0.7853321650225626,0.006984545991167514,15
mixed_in,0.75,0.938753841855267,0.005125893174839289,0.7853321650225626,0.006984545991167514,15
mixed_in,0.752,0.9398155909471918,0.005364626990779556,0.7853321650225626,0.006984545991167514,15
mixed_in,0.754,0.9398155909471918,0.005364626990779556,0.7853321650225626,0.006984545991167514,15
mixed_in,0.756,0.9405979323833473,0.00538786065077125,0.7853321650225626,0.006984545991167514,15
mixed_in,0.758,0.9414361553506565,0.005765825946876825,0.7853321650225626,0.006984545991167514,15
mixed_in,0.76,0.9423302598491199,0.005612130732277741,0.7853321650225626,0.006984545991167514,15
mixed_in,0.762,0.9428331936295056,0.005214079260320477,0.7853321650225626,0.006984545991167514,15
mixed_in,0.764,0.9439508242525846,0.005282504519964903,0.7853321650225626,0.006984545991167514,15
mixed_in,0.766,0.9439508242525846,0.005282504519964903,0.7853321650225626,0.006984545991167514,15
mixed_in,0.768,0.944621402626432,0.005479240409837516,0.7853321650225626,0.006984545991167514,15
mixed_in,0.77,0.9450684548756635,0.005650946445468393,0.7853321650225626,0.006984545991167514,15
mixed_in,0.772,0.9463537300922045,0.005185252063553861,0.7853321650225626,0.006984545991167514,15
mixed_in,0.774,0.947191953059514,0.005449523826380489,0.7853321650225626,0.006984545991167514,15
mixed_in,0.776,0.9476948868398994,0.005219466634852454,0.7853321650225626,0.006984545991167514,15
mixed_in,0.778,0.9476948868398994,0.005219466634852454,0.7853321650225626,0.006984545991167514,15
mixed_in,0.78,0.9487007544006705,0.004176560366818611,0.7853321650225626,0.006984545991167514,15
mixed_in,0.782,0.9497066219614418,0.004839482558169539,0.7853321650225626,0.006984545991167514,15
mixed_in,0.784,0.9500419111483654,0.004847219545616406,0.7853321650225626,0.006984545991167514,15
mixed_in,0.786,0.9504330818664433,0.005138670659993348,0.7853321650225626,0.006984545991167514,15
mixed_in,0.788,0.950880134115675,0.005018149051834281,0.7853321650225626,0.006984545991167514,15
mixed_in,0.79,0.9514389494272143,0.005393074430374857,0.7853321650225626,0.006984545991167514,15
mixed_in,0.792,0.9514389494272143,0.005393074430374857,0.7853321650225626,0.006984545991167514,15
mixed_in,0.794,0.9523889354568315,0.005355888384243727,0.7853321650225626,0.006984545991167514,15
mixed_in,0.796,0.953059513830679,0.0054150328227440744,0.7853321650225626,0.006984545991167514,15
mixed_in,0.798,0.9535624476110646,0.005566877633042648,0.7853321650225626,0.006984545991167514,15
mixed_in,0.8,0.9544565521095277,0.0060959553588352715,0.7853321650225626,0.006984545991167514,15
mixed_in,0.802,0.955294775076837,0.005616024376150262,0.7853321650225626,0.006984545991167514,15
mixed_in,0.804,0.955294775076837,0.005616024376150262,0.7853321650225626,0.006984545991167514,15
mixed_in,0.806,0.9556859457949148,0.00555058621596603,0.7853321650225626,0.006984545991167514,15
mixed_in,0.808,0.9561888795753004,0.005513329749950528,0.7853321650225626,0.006984545991167514,15
mixed_in,0.81,0.9569712210114556,0.006329678117750928,0.7853321650225626,0.006984545991167514,15
mixed_in,0.812,0.957977088572227,0.006226717307486609,0.7853321650225626,0.006984545991167514,15
mixed_in,0.8140000000000001,0.9588153115395365,0.006353314776134542,0.7853321650225626,0.006984545991167514,15
mixed_in,0.8160000000000001,0.9588153115395365,0.006353314776134542,0.7853321650225626,0.006984545991167514,15
mixed_in,0.8180000000000001,0.9594300083822298,0.006241244080129523,0.7853321650225626,0.006984545991167514,15
mixed_in,0.8200000000000001,0.9597094160379995,0.006401789769933373,0.7853321650225626,0.006984545991167514,15
mixed_in,0.8220000000000001,0.9606035205364627,0.006614352938329292,0.7853321650225626,0.006984545991167514,15
mixed_in,0.8240000000000001,0.9609946912545404,0.0067257781454833675,0.7853321650225626,0.006984545991167514,15
mixed_in,0.8260000000000001,0.9621682034087734,0.006316343627133744,0.7853321650225626,0.006984545991167514,15
mixed_in,0.8280000000000001,0.9621682034087734,0.006316343627133744,0.7853321650225626,0.006984545991167514,15
mixed_in,0.8300000000000001,0.9629505448449287,0.006544583837700962,0.7853321650225626,0.006984545991167514,15
mixed_in,0.8320000000000001,0.9634534786253143,0.006263718924482617,0.7853321650225626,0.006984545991167514,15
mixed_in,0.834,0.9640122939368538,0.0061250848750577305,0.7853321650225626,0.006984545991167514,15
mixed_in,0.836,0.9646269907795472,0.006022774444395628,0.7853321650225626,0.006984545991167514,15
mixed_in,0.838,0.9651858060910868,0.005941865102439707,0.7853321650225626,0.006984545991167514,15
mixed_in,0.84,0.9651858060910868,0.005941865102439707,0.7853321650225626,0.006984545991167514,15
mixed_in,0.842,0.9666387259010896,0.0052943142921830656,0.7853321650225626,0.006984545991167514,15
mixed_in,0.844,0.9670298966191674,0.005351221959150193,0.7853321650225626,0.006984545991167514,15
mixed_in,0.846,0.967476948868399,0.005276589721872185,0.7853321650225626,0.006984545991167514,15
mixed_in,0.848,0.9682592903045545,0.005000070066111773,0.7853321650225626,0.006984545991167514,15
mixed_in,0.85,0.9690975132718638,0.0051112512220303505,0.7853321650225626,0.006984545991167514,15
mixed_in,0.852,0.9690975132718638,0.0051112512220303505,0.7853321650225626,0.006984545991167514,15
mixed_in,0.854,0.9699357362391733,0.005120407349071955,0.7853321650225626,0.006984545991167514,15
mixed_in,0.856,0.9704945515507125,0.005214079260320488,0.7853321650225626,0.006984545991167514,15
mixed_in,0.858,0.9707739592064824,0.005092889584829043,0.7853321650225626,0.006984545991167514,15
mixed_in,0.86,0.9714445375803298,0.004920748804191407,0.7853321650225626,0.006984545991167514,15
mixed_in,0.862,0.9720592344230232,0.004998196093880501,0.7853321650225626,0.006984545991167514,15
mixed_in,0.864,0.9725062866722548,0.004704016877504313,0.7853321650225626,0.006984545991167514,15
mixed_in,0.866,0.9725062866722548,0.004704016877504313,0.7853321650225626,0.006984545991167514,15
mixed_in,0.868,0.9736797988264879,0.004589095315484288,0.7853321650225626,0.006984545991167514,15
mixed_in,0.87,0.9741827326068734,0.004490038430086772,0.7853321650225626,0.006984545991167514,15
mixed_in,0.872,0.9746856663872591,0.004713964059002668,0.7853321650225626,0.006984545991167514,15
mixed_in,0.874,0.975915060072646,0.0036915662620651047,0.7853321650225626,0.006984545991167514,15
mixed_in,0.876,0.9763621123218775,0.003585138850482359,0.7853321650225626,0.006984545991167514,15
mixed_in,0.878,0.9763621123218775,0.003585138850482359,0.7853321650225626,0.006984545991167514,15
mixed_in,0.88,0.9770326906957251,0.004011811365364079,0.7853321650225626,0.006984545991167514,15
mixed_in,0.882,0.9772562168203407,0.003833489329118188,0.7853321650225626,0.006984545991167514,15
mixed_in,0.884,0.9778150321318805,0.003941926144408694,0.7853321650225626,0.006984545991167514,15
mixed_in,0.886,0.9783179659122658,0.004172820274399437,0.7853321650225626,0.006984545991167514,15
mixed_in,0.888,0.9787091366303436,0.004390880420355014,0.7853321650225626,0.006984545991167514,15
mixed_in,0.89,0.9787091366303436,0.004390880420355014,0.7853321650225626,0.006984545991167514,15
mixed_in,0.892,0.979212070410729,0.004479594037179344,0.7853321650225626,0.006984545991167514,15
mixed_in,0.894,0.9796032411288068,0.004292341854075779,0.7853321650225626,0.006984545991167514,15
mixed_in,0.896,0.9797708857222688,0.004465630181393021,0.7853321650225626,0.006984545991167514,15
mixed_in,0.898,0.9805532271584242,0.004694048616932113,0.7853321650225626,0.006984545991167514,15
mixed_in,0.9,0.9810561609388097,0.00467003798061497,0.7853321650225626,0.006984545991167514,15
mixed_in,0.902,0.9810561609388097,0.00467003798061497,0.7853321650225626,0.006984545991167514,15
mixed_in,0.904,0.9815590947191952,0.0043823378433523715,0.7853321650225626,0.006984545991167514,15
mixed_in,0.906,0.982006146968427,0.004250671194352975,0.7853321650225626,0.006984545991167514,15
mixed_in,0.908,0.9827884884045822,0.003965620564226929,0.7853321650225626,0.006984545991167514,15
mixed_in,0.91,0.9836825929030457,0.003734458663672232,0.7853321650225626,0.006984545991167514,15
mixed_in,0.912,0.9842972897457393,0.0038651280169411726,0.7853321650225626,0.006984545991167514,15
mixed_in,0.914,0.9842972897457393,0.0038651280169411726,0.7853321650225626,0.006984545991167514,15
mixed_in,0.916,0.9849119865884325,0.0035031970983308157,0.7853321650225626,0.006984545991167514,15
mixed_in,0.918,0.9853031573065104,0.003619812180095368,0.7853321650225626,0.006984545991167514,15
mixed_in,0.92,0.9860854987426657,0.0034192922136414357,0.7853321650225626,0.006984545991167514,15
mixed_in,0.922,0.9863090248672816,0.0033621925580310367,0.7853321650225626,0.006984545991167514,15
mixed_in,0.924,0.9865884325230512,0.003310715449812496,0.7853321650225626,0.006984545991167514,15
mixed_in,0.926,0.9865884325230512,0.003310715449812496,0.7853321650225626,0.006984545991167514,15
mixed_in,0.928,0.9872590108968986,0.003169029757755316,0.7853321650225626,0.006984545991167514,15
mixed_in,0.93,0.9878178262084382,0.002996834351001276,0.7853321650225626,0.006984545991167514,15
mixed_in,0.932,0.9879854708019,0.0030093125493906173,0.7853321650225626,0.006984545991167514,15
mixed_in,0.934,0.9889354568315173,0.00249033584299047,0.7853321650225626,0.006984545991167514,15
mixed_in,0.936,0.9890472198938252,0.0023602919342769414,0.7853321650225626,0.006984545991167514,15
mixed_in,0.9380000000000001,0.989158982956133,0.002340362290178484,0.7853321650225626,0.006984545991167514,15
mixed_in,0.9400000000000001,0.989158982956133,0.002340362290178484,0.7853321650225626,0.006984545991167514,15
mixed_in,0.9420000000000001,0.989438390611903,0.00209388030122327,0.7853321650225626,0.006984545991167514,15
mixed_in,0.9440000000000001,0.9896619167365187,0.002221246930913862,0.7853321650225626,0.006984545991167514,15
mixed_in,0.9460000000000001,0.9899413243922884,0.0021425302612663706,0.7853321650225626,0.006984545991167514,15
mixed_in,0.9480000000000001,0.99066778429729,0.002446054051773038,0.7853321650225626,0.006984545991167514,15
mixed_in,0.9500000000000001,0.9913383626711375,0.002221246930913867,0.7853321650225626,0.006984545991167514,15
mixed_in,0.9520000000000001,0.9913383626711375,0.002221246930913867,0.7853321650225626,0.006984545991167514,15
mixed_in,0.9540000000000001,0.9920089410449846,0.0020501744987811263,0.7853321650225626,0.006984545991167514,15
mixed_in,0.9560000000000001,0.9924001117630623,0.002279528142427619,0.7853321650225626,0.006984545991167514,15
mixed_in,0.9580000000000001,0.9931265716680637,0.002274041905490437,0.7853321650225626,0.006984545991167514,15
mixed_in,0.96,0.9932942162615256,0.0020983496345927275,0.7853321650225626,0.006984545991167514,15
mixed_in,0.962,0.9936853869796033,0.0020501744987811116,0.7853321650225626,0.006984545991167514,15
mixed_in,0.964,0.9936853869796033,0.0020501744987811116,0.7853321650225626,0.006984545991167514,15
mixed_in,0.966,0.993853031573065,0.0021352303072973053,0.7853321650225626,0.006984545991167514,15
mixed_in,0.968,0.9943000838222967,0.001916337323216768,0.7853321650225626,0.006984545991167514,15
mixed_in,0.97,0.9946912545403742,0.0017759428423660794,0.7853321650225626,0.006984545991167514,15
mixed_in,0.972,0.9954177144453757,0.0016727163506114278,0.7853321650225626,0.006984545991167514,15
mixed_in,0.974,0.9958647666946073,0.0015746300981956227,0.7853321650225626,0.006984545991167514,15
mixed_in,0.976,0.9958647666946073,0.0015746300981956227,0.7853321650225626,0.006984545991167514,15
mixed_in,0.978,0.996367700474993,0.0016387681809013938,0.7853321650225626,0.006984545991167514,15
mixed_in,0.98,0.9967588711930707,0.0014312655462269724,0.7853321650225626,0.006984545991167514,15
mixed_in,0.982,0.9971500419111484,0.0013959202008155302,0.7853321650225626,0.006984545991167514,15
mixed_in,0.984,0.9974294495669184,0.0014181142822519866,0.7853321650225626,0.006984545991167514,15
mixed_in,0.986,0.9980441464096117,0.0010454477191321526,0.7853321650225626,0.006984545991167514,15
mixed_in,0.988,0.9980441464096117,0.0010454477191321526,0.7853321650225626,0.006984545991167514,15
mixed_in,0.99,0.9984353171276894,0.0008584683708151392,0.7853321650225626,0.006984545991167514,15
mixed_in,0.992,0.9989382509080751,0.000569882035606894,0.7853321650225626,0.006984545991167514,15
mixed_in,0.994,0.9991617770326909,0.0005301387527524422,0.7853321650225626,0.006984545991167514,15
mixed_in,0.996,0.9994411846884607,0.0005860904432356138,0.7853321650225626,0.006984545991167514,15
mixed_in,0.998,0.9997205923442304,0.00039514209622047144,0.7853321650225626,0.006984545991167514,15
mixed_in,1.0,1.0,0.0,0.7853321650225626,0.006984545991167514,15
mixed_out,0.0,0.2075440067057837,0.04223379579079593,0.7842634140681423,0.006982941802362342,15
mixed_out,0.002,0.2075440067057837,0.04223379579079593,0.7842634140681423,0.006982941802362342,15
mixed_out,0.004,0.26968426934898015,0.0353877931080875,0.7842634140681423,0.006982941802362342,15
mixed_out,0.006,0.31366303436714166,0.02529563785247059,0.7842634140681423,0.006982941802362342,15
mixed_out,0.008,0.33355685945794916,0.02443908345096907,0.7842634140681423,0.006982941802362342,15
mixed_out,0.01,0.35255658005029333,0.026325717561880294,0.7842634140681423,0.006982941802362342,15
mixed_out,0.012,0.36172115115954173,0.023203018442214764,0.7842634140681423,0.006982941802362342,15
mixed_out,0.014,0.36172115115954173,0.023203018442214764,0.7842634140681423,0.006982941802362342,15
mixed_out,0.016,0.36976809164571117,0.02141845125038097,0.7842634140681423,0.006982941802362342,15
mixed_out,0.018000000000000002,0.3798267672534228,0.022481189294500274,0.7842634140681423,0.006982941802362342,15
mixed_out,0.02,0.38602961721151163,0.020895956921238263,0.7842634140681423,0.006982941802362342,15
mixed_out,0.022,0.3924001117630624,0.020137985754144005,0.7842634140681423,0.006982941802362342,15
mixed_out,0.024,0.3976529756915339,0.017210604403795862,0.7842634140681423,0.006982941802362342,15
mixed_out,0.026000000000000002,0.3976529756915339,0.017210604403795862,0.7842634140681423,0.006982941802362342,15
mixed_out,0.028,0.40290583962000565,0.018078344685102755,0.7842634140681423,0.006982941802362342,15
mixed_out,0.03,0.4093880972338642,0.019583586719446485,0.7842634140681423,0.006982941802362342,15
mixed_out,0.032,0.4146968426934898,0.019870108394152257,0.7842634140681423,0.006982941802362342,15
mixed_out,0.034,0.4176585638446493,0.021199953462497253,0.7842634140681423,0.006982941802362342,15
mixed_out,0.036000000000000004,0.42279966471081304,0.020814951477175193,0.7842634140681423,0.006982941802362342,15
mixed_out,0.038,0.42279966471081304,0.020814951477175193,0.7842634140681423,0.006982941802362342,15
mixed_out,0.04,0.4272143056719753,0.02019094916472721,0.7842634140681423,0.006982941802362342,15
mixed_out,0.042,0.4307348421346745,0.019145929230340593,0.7842634140681423,0.006982941802362342,15
mixed_out,0.044,0.43498183850237493,0.021224243987360444,0.7842634140681423,0.006982941802362342,15
mixed_out,0.046,0.43917295333892153,0.02070816038070309,0.7842634140681423,0.006982941802362342,15
mixed_out,0.048,0.44263760827046655,0.02162434752223454,0.7842634140681423,0.006982941802362342,15
mixed_out,0.05,0.44263760827046655,0.02162434752223454,0.7842634140681423,0.006982941802362342,15
mixed_out,0.052000000000000005,0.4453199217658564,0.021504880275128,0.7842634140681423,0.006982941802362342,15
mixed_out,0.054,0.45018161497625037,0.020280761917705725,0.7842634140681423,0.006982941802362342,15
mixed_out,0.056,0.45565800502933784,0.01989445296327182,0.7842634140681423,0.006982941802362342,15
mixed_out,0.058,0.46024029058396193,0.018391222327471382,0.7842634140681423,0.006982941802362342,15
mixed_out,0.06,0.4644872869516624,0.01757702907699066,0.7842634140681423,0.006982941802362342,15
mixed_out,0.062,0.4644872869516624,0.01757702907699066,0.7842634140681423,0.006982941802362342,15
mixed_out,0.064,0.46845487566359323,0.019983879355529758,0.7842634140681423,0.006982941802362342,15
mixed_out,0.066,0.4722548197820621,0.019514099522963,0.7842634140681423,0.006982941802362342,15
mixed_out,0.068,0.47521654093322163,0.01827881381837061,0.7842634140681423,0.006982941802362342,15
mixed_out,0.07,0.4769488683989941,0.017465101854701362,0.7842634140681423,0.006982941802362342,15
mixed_out,0.07200000000000001,0.4802458787370774,0.017740427979672062,0.7842634140681423,0.006982941802362342,15
mixed_out,0.074,0.4844369935736239,0.017434142159674818,0.7842634140681423,0.006982941802362342,15
mixed_out,0.076,0.4844369935736239,0.017434142159674818,0.7842634140681423,0.006982941802362342,15
mixed_out,0.078,0.4877340039117071,0.01823622513942097,0.7842634140681423,0.006982941802362342,15
mixed_out,0.08,0.4913663034367141,0.018267876810937018,0.7842634140681423,0.006982941802362342,15
mixed_out,0.082,0.4951103660240292,0.01861198971065572,0.7842634140681423,0.006982941802362342,15
mixed_out,0.084,0.49969265157865334,0.01853431261539733,0.7842634140681423,0.006982941802362342,15
mixed_out,0.08600000000000001,0.503716121821738,0.018268560565730483,0.7842634140681423,0.006982941802362342,15
mixed_out,0.088,0.503716121821738,0.018268560565730483,0.7842634140681423,0.006982941802362342,15
mixed_out,0.09,0.5068454875663593,0.017927436217748227,0.7842634140681423,0.006982941802362342,15
mixed_out,0.092,0.5094160379994411,0.018273687911180093,0.7842634140681423,0.006982941802362342,15
mixed_out,0.094,0.5116512992455993,0.01926284283684215,0.7842634140681423,0.006982941802362342,15
mixed_out,0.096,0.5149483095836825,0.018523695046864658,0.7842634140681423,0.006982941802362342,15
mixed_out,0.098,0.516736518580609,0.01891455692622007,0.7842634140681423,0.006982941802362342,15
mixed_out,0.1,0.516736518580609,0.01891455692622007,0.7842634140681423,0.006982941802362342,15
mixed_out,0.10200000000000001,0.5199217658563844,0.017814204757501353,0.7842634140681423,0.006982941802362342,15
mixed_out,0.10400000000000001,0.5221011455713886,0.01781525649797031,0.7842634140681423,0.006982941802362342,15
mixed_out,0.106,0.5247834590667784,0.017215139883839544,0.7842634140681423,0.006982941802362342,15
mixed_out,0.108,0.5283039955294775,0.017947804651100716,0.7842634140681423,0.006982941802362342,15
mixed_out,0.11,0.5326068734283319,0.01916288436437024,0.7842634140681423,0.006982941802362342,15
mixed_out,0.112,0.5326068734283319,0.01916288436437024,0.7842634140681423,0.006982941802362342,15
mixed_out,0.114,0.5353450684548756,0.02064291292962527,0.7842634140681423,0.006982941802362342,15
mixed_out,0.116,0.5383067896060351,0.021504299423217587,0.7842634140681423,0.006982941802362342,15
mixed_out,0.11800000000000001,0.5394244202291142,0.021741865753833526,0.7842634140681423,0.006982941802362342,15
mixed_out,0.12,0.5426096675048896,0.023279202268421905,0.7842634140681423,0.006982941802362342,15
mixed_out,0.122,0.5462419670298966,0.023873254608564973,0.7842634140681423,0.006982941802362342,15
mixed_out,0.124,0.5462419670298966,0.023873254608564973,0.7842634140681423,0.006982941802362342,15
mixed_out,0.126,0.5489801620564403,0.021502701999559646,0.7842634140681423,0.006982941802362342,15
mixed_out,0.128,0.551774238614138,0.020841189167861717,0.7842634140681423,0.006982941802362342,15
mixed_out,0.13,0.5536183291422184,0.02064336674801945,0.7842634140681423,0.006982941802362342,15
mixed_out,0.132,0.5561888795753004,0.02018677289499974,0.7842634140681423,0.006982941802362342,15
mixed_out,0.134,0.5587594300083822,0.019079594773674623,0.7842634140681423,0.006982941802362342,15
mixed_out,0.136,0.5587594300083822,0.019079594773674623,0.7842634140681423,0.006982941802362342,15
mixed_out,0.138,0.5612740989103101,0.01791994456538183,0.7842634140681423,0.006982941802362342,15
mixed_out,0.14,0.5645711092483935,0.01729495021017488,0.7842634140681423,0.006982941802362342,15
mixed_out,0.14200000000000002,0.5676445934618609,0.017143521159527407,0.7842634140681423,0.006982941802362342,15
mixed_out,0.14400000000000002,0.5701592623637887,0.01826018280528429,0.7842634140681423,0.006982941802362342,15
mixed_out,0.146,0.5739592064822576,0.016329841740992897,0.7842634140681423,0.006982941802362342,15
mixed_out,0.148,0.5766415199776473,0.015970194674335816,0.7842634140681423,0.006982941802362342,15
mixed_out,0.15,0.5766415199776473,0.015970194674335816,0.7842634140681423,0.006982941802362342,15
mixed_out,0.152,0.5791003073484213,0.01623317602311915,0.7842634140681423,0.006982941802362342,15
mixed_out,0.154,0.5811120424699637,0.016398539814972364,0.7842634140681423,0.006982941802362342,15
mixed_out,0.156,0.5836825929030457,0.01670474603322347,0.7842634140681423,0.006982941802362342,15
mixed_out,0.158,0.5868119586476669,0.017166093284062715,0.7842634140681423,0.006982941802362342,15
mixed_out,0.16,0.5878737077395919,0.01716118091446044,0.7842634140681423,0.006982941802362342,15
mixed_out,0.162,0.5878737077395919,0.01716118091446044,0.7842634140681423,0.006982941802362342,15
mixed_out,0.164,0.5907236658284437,0.017578627949666872,0.7842634140681423,0.006982941802362342,15
mixed_out,0.166,0.5931265716680637,0.016878072688889478,0.7842634140681423,0.006982941802362342,15
mixed_out,0.168,0.5948030176026823,0.016693900130098364,0.7842634140681423,0.006982941802362342,15
mixed_out,0.17,0.5973176865046101,0.016209882768877016,0.7842634140681423,0.006982941802362342,15
mixed_out,0.17200000000000001,0.5994411846884605,0.016911527771646322,0.7842634140681423,0.006982941802362342,15
mixed_out,0.17400000000000002,0.5994411846884605,0.016911527771646322,0.7842634140681423,0.006982941802362342,15
mixed_out,0.176,0.6021234981838501,0.019728634066379414,0.7842634140681423,0.006982941802362342,15
mixed_out,0.178,0.6035205364626991,0.020191722453219287,0.7842634140681423,0.006982941802362342,15
mixed_out,0.18,0.6056999161777034,0.02003989933564237,0.7842634140681423,0.006982941802362342,15
mixed_out,0.182,0.6086616373288628,0.020014327489345504,0.7842634140681423,0.006982941802362342,15
mixed_out,0.184,0.6106733724504051,0.019588529271504153,0.7842634140681423,0.006982941802362342,15
mixed_out,0.186,0.6106733724504051,0.019588529271504153,0.7842634140681423,0.006982941802362342,15
mixed_out,0.188,0.6121821737915618,0.020179346281383383,0.7842634140681423,0.006982941802362342,15
mixed_out,0.19,0.6149762503492596,0.019177219307669933,0.7842634140681423,0.006982941802362342,15
mixed_out,0.192,0.6160379994411845,0.018644175907527056,0.7842634140681423,0.006982941802362342,15
mixed_out,0.194,0.6182732606873429,0.018879689221595906,0.7842634140681423,0.006982941802362342,15
mixed_out,0.196,0.6202849958088852,0.018730735693874664,0.7842634140681423,0.006982941802362342,15
mixed_out,0.198,0.6202849958088852,0.018730735693874664,0.7842634140681423,0.006982941802362342,15
mixed_out,0.2,0.622967309304275,0.019065841588547374,0.7842634140681423,0.006982941802362342,15
mixed_out,0.202,0.6249231628946634,0.018956610032717213,0.7842634140681423,0.006982941802362342,15
mixed_out,0.20400000000000001,0.6268231349538979,0.017810873836290778,0.7842634140681423,0.006982941802362342,15
mixed_out,0.20600000000000002,0.6282201732327466,0.01801657309948725,0.7842634140681423,0.006982941802362342,15
mixed_out,0.20800000000000002,0.6303436714165968,0.018061063021000755,0.7842634140681423,0.006982941802362342,15
mixed_out,0.21,0.6303436714165968,0.018061063021000755,0.7842634140681423,0.006982941802362342,15
mixed_out,0.212,0.631349538977368,0.018494676361833023,0.7842634140681423,0.006982941802362342,15
mixed_out,0.214,0.6332495110366024,0.018215664918137434,0.7842634140681423,0.006982941802362342,15
mixed_out,0.216,0.6343671416596816,0.017700072526740926,0.7842634140681423,0.006982941802362342,15
mixed_out,0.218,0.6360994691254541,0.017582358087151514,0.7842634140681423,0.006982941802362342,15
mixed_out,0.22,0.6381670857781503,0.017971799285511927,0.7842634140681423,0.006982941802362342,15
mixed_out,0.222,0.641017043867002,0.017591946237452697,0.7842634140681423,0.006982941802362342,15
mixed_out,0.224,0.641017043867002,0.017591946237452697,0.7842634140681423,0.006982941802362342,15
mixed_out,0.226,0.643308186644314,0.016699697954639586,0.7842634140681423,0.006982941802362342,15
mixed_out,0.228,0.6455434478904724,0.01687270631674239,0.7842634140681423,0.006982941802362342,15
mixed_out,0.23,0.6482257613858621,0.01596491433355913,0.7842634140681423,0.006982941802362342,15
mixed_out,0.232,0.6497345627270188,0.0160445208724211,0.7842634140681423,0.006982941802362342,15
mixed_out,0.234,0.6516904163174071,0.015636447280496273,0.7842634140681423,0.006982941802362342,15
mixed_out,0.23600000000000002,0.6516904163174071,0.015636447280496273,0.7842634140681423,0.006982941802362342,15
mixed_out,0.23800000000000002,0.6541492036881811,0.014630292861204652,0.7842634140681423,0.006982941802362342,15
mixed_out,0.24,0.6561050572785696,0.014325086365232978,0.7842634140681423,0.006982941802362342,15
mixed_out,0.242,0.6575579770885722,0.014556683011044383,0.7842634140681423,0.006982941802362342,15
mixed_out,0.244,0.6605755797708857,0.013933900394937282,0.7842634140681423,0.006982941802362342,15
mixed_out,0.246,0.6623079072366581,0.013577717214663694,0.7842634140681423,0.006982941802362342,15
mixed_out,0.248,0.6623079072366581,0.013577717214663694,0.7842634140681423,0.006982941802362342,15
mixed_out,0.25,0.6640961162335848,0.013052136197661785,0.7842634140681423,0.006982941802362342,15
mixed_out,0.252,0.6666666666666666,0.014101646534193926,0.7842634140681423,0.006982941802362342,15
mixed_out,0.254,0.6681754680078235,0.013697930046605269,0.7842634140681423,0.006982941802362342,15
mixed_out,0.256,0.6701872031293657,0.012770611095095825,0.7842634140681423,0.006982941802362342,15
mixed_out,0.258,0.671248952221291,0.012863195339436787,0.7842634140681423,0.006982941802362342,15
mixed_out,0.26,0.671248952221291,0.012863195339436787,0.7842634140681423,0.006982941802362342,15
mixed_out,0.262,0.6730930427493714,0.011838446651570045,0.7842634140681423,0.006982941802362342,15
mixed_out,0.264,0.6751606594020675,0.01196386910004949,0.7842634140681423,0.006982941802362342,15
mixed_out,0.266,0.6776753283039956,0.011123934292254431,0.7842634140681423,0.006982941802362342,15
mixed_out,0.268,0.6789606035205364,0.011153931220899381,0.7842634140681423,0.006982941802362342,15
mixed_out,0.27,0.6802458787370774,0.011039396125872477,0.7842634140681423,0.006982941802362342,15
mixed_out,0.272,0.6802458787370774,0.011039396125872477,0.7842634140681423,0.006982941802362342,15
mixed_out,0.274,0.6822017323274657,0.010356341910688927,0.7842634140681423,0.006982941802362342,15
mixed_out,0.276,0.6831517183570829,0.01024325385852102,0.7842634140681423,0.006982941802362342,15
mixed_out,0.278,0.6846605196982397,0.009809715901644771,0.7842634140681423,0.006982941802362342,15
mixed_out,0.28,0.686895780944398,0.009846256016452545,0.7842634140681423,0.006982941802362342,15
mixed_out,0.28200000000000003,0.6873987147247836,0.009967297833617932,0.7842634140681423,0.006982941802362342,15
mixed_out,0.28400000000000003,0.6873987147247836,0.009967297833617932,0.7842634140681423,0.006982941802362342,15
mixed_out,0.28600000000000003,0.6894663313774797,0.01046880494202536,0.7842634140681423,0.006982941802362342,15
mixed_out,0.28800000000000003,0.6911986588432523,0.01014122779011734,0.7842634140681423,0.006982941802362342,15
mixed_out,0.29,0.6925956971221011,0.010009503853616052,0.7842634140681423,0.006982941802362342,15
mixed_out,0.292,0.6941044984632578,0.01096958868992205,0.7842634140681423,0.006982941802362342,15
mixed_out,0.294,0.6951662475551829,0.010897614981357814,0.7842634140681423,0.006982941802362342,15
mixed_out,0.296,0.696339759709416,0.011003696422196152,0.7842634140681423,0.006982941802362342,15
mixed_out,0.298,0.696339759709416,0.011003696422196152,0.7842634140681423,0.006982941802362342,15
mixed_out,0.3,0.6977367979882648,0.011039113249390997,0.7842634140681423,0.006982941802362342,15
mixed_out,0.302,0.6999720592344231,0.011075826613357063,0.7842634140681423,0.006982941802362342,15
mixed_out,0.304,0.7015926236378877,0.012034655682994626,0.7842634140681423,0.006982941802362342,15
mixed_out,0.306,0.70360435875943,0.012858096244331626,0.7842634140681423,0.006982941802362342,15
mixed_out,0.308,0.7052249231628945,0.013392927346360644,0.7842634140681423,0.006982941802362342,15
mixed_out,0.31,0.7052249231628945,0.013392927346360644,0.7842634140681423,0.006982941802362342,15
mixed_out,0.312,0.7067337245040513,0.01320342348139227,0.7842634140681423,0.006982941802362342,15
mixed_out,0.314,0.7095278010617492,0.012985213410639783,0.7842634140681423,0.006982941802362342,15
mixed_out,0.316,0.710868957809444,0.01271400013017324,0.7842634140681423,0.006982941802362342,15
mixed_out,0.318,0.7131042190556021,0.012599271644528587,0.7842634140681423,0.006982941802362342,15
mixed_out,0.32,0.7139983235540655,0.01268719987963415,0.7842634140681423,0.006982941802362342,15
mixed_out,0.322,0.7139983235540655,0.01268719987963415,0.7842634140681423,0.006982941802362342,15
mixed_out,0.324,0.7153953618329143,0.012689660976411905,0.7842634140681423,0.006982941802362342,15
mixed_out,0.326,0.716848281642917,0.012844974990707109,0.7842634140681423,0.006982941802362342,15
mixed_out,0.328,0.718189438390612,0.013492352392134348,0.7842634140681423,0.006982941802362342,15
mixed_out,0.33,0.7195864766694609,0.0136602628649208,0.7842634140681423,0.006982941802362342,15
mixed_out,0.332,0.7222687901648506,0.013234606017836194,0.7842634140681423,0.006982941802362342,15
mixed_out,0.334,0.7222687901648506,0.013234606017836194,0.7842634140681423,0.006982941802362342,15
mixed_out,0.336,0.7245040514110087,0.012751523808565892,0.7842634140681423,0.006982941802362342,15
mixed_out,0.338,0.7257334450963956,0.012527437848965227,0.7842634140681423,0.006982941802362342,15
mixed_out,0.34,0.7271863649063983,0.01295632310472662,0.7842634140681423,0.006982941802362342,15
mixed_out,0.342,0.7286392847164012,0.01332912164580739,0.7842634140681423,0.006982941802362342,15
mixed_out,0.34400000000000003,0.7305392567756358,0.01260819113316253,0.7842634140681423,0.006982941802362342,15
mixed_out,0.34600000000000003,0.7305392567756358,0.01260819113316253,0.7842634140681423,0.006982941802362342,15
mixed_out,0.34800000000000003,0.7323833473037163,0.01235525362753057,0.7842634140681423,0.006982941802362342,15
mixed_out,0.35000000000000003,0.733836267113719,0.012165757142929138,0.7842634140681423,0.006982941802362342,15
mixed_out,0.352,0.7359597652975691,0.012398901651031415,0.7842634140681423,0.006982941802362342,15
mixed_out,0.354,0.7369097513271864,0.01168258172994157,0.7842634140681423,0.006982941802362342,15
mixed_out,0.356,0.7388097233864208,0.011496394285272389,0.7842634140681423,0.006982941802362342,15
mixed_out,0.358,0.7417155630064264,0.01193250622951158,0.7842634140681423,0.006982941802362342,15
mixed_out,0.36,0.7417155630064264,0.01193250622951158,0.7842634140681423,0.006982941802362342,15
mixed_out,0.362,0.7435037720033529,0.012235375777876513,0.7842634140681423,0.006982941802362342,15
mixed_out,0.364,0.7449566918133557,0.01213723186539578,0.7842634140681423,0.006982941802362342,15
mixed_out,0.366,0.7462419670298966,0.011938785394774878,0.7842634140681423,0.006982941802362342,15
mixed_out,0.368,0.7476390053087454,0.011780802267823597,0.7842634140681423,0.006982941802362342,15
mixed_out,0.37,0.7494272143056719,0.0119662180016308,0.7842634140681423,0.006982941802362342,15
mixed_out,0.372,0.7494272143056719,0.0119662180016308,0.7842634140681423,0.006982941802362342,15
mixed_out,0.374,0.7507124895222129,0.012689414888213844,0.7842634140681423,0.006982941802362342,15
mixed_out,0.376,0.752053646269908,0.012665028487589321,0.7842634140681423,0.006982941802362342,15
mixed_out,0.378,0.7532271584241408,0.013082008473599914,0.7842634140681423,0.006982941802362342,15
mixed_out,0.38,0.7548477228276055,0.013830650737579182,0.7842634140681423,0.006982941802362342,15
mixed_out,0.382,0.7557977088572227,0.013577027225730622,0.7842634140681423,0.006982941802362342,15
mixed_out,0.384,0.7557977088572227,0.013577027225730622,0.7842634140681423,0.006982941802362342,15
mixed_out,0.386,0.7574741547918413,0.013806244485438178,0.7842634140681423,0.006982941802362342,15
mixed_out,0.388,0.7593741268510759,0.014127531894424616,0.7842634140681423,0.006982941802362342,15
mixed_out,0.39,0.7599888236937691,0.014270046798354653,0.7842634140681423,0.006982941802362342,15
mixed_out,0.392,0.7628946633137749,0.013128711359032598,0.7842634140681423,0.006982941802362342,15
mixed_out,0.394,0.7640681754680079,0.013505075900608078,0.7842634140681423,0.006982941802362342,15
mixed_out,0.396,0.7640681754680079,0.013505075900608078,0.7842634140681423,0.006982941802362342,15
mixed_out,0.398,0.7654652137468567,0.01437644028467281,0.7842634140681423,0.006982941802362342,15
mixed_out,0.4,0.767421067337245,0.014427394971203057,0.7842634140681423,0.006982941802362342,15
mixed_out,0.402,0.768538697960324,0.014805547771374264,0.7842634140681423,0.006982941802362342,15
mixed_out,0.404,0.770159262363789,0.014402482223024963,0.7842634140681423,0.006982941802362342,15
mixed_out,0.406,0.7718357082984074,0.01444145707929881,0.7842634140681423,0.006982941802362342,15
mixed_out,0.40800000000000003,0.7718357082984074,0.01444145707929881,0.7842634140681423,0.006982941802362342,15
mixed_out,0.41000000000000003,0.7737356803576415,0.013655461406584609,0.7842634140681423,0.006982941802362342,15
mixed_out,0.41200000000000003,0.7758032970103382,0.013249462720555275,0.7842634140681423,0.006982941802362342,15
mixed_out,0.41400000000000003,0.7773679798826489,0.013580936699508264,0.7842634140681423,0.006982941802362342,15
mixed_out,0.41600000000000004,0.77837384744342,0.013281007423529492,0.7842634140681423,0.006982941802362342,15
mixed_out,0.418,0.7799385303157307,0.013067917268313843,0.7842634140681423,0.006982941802362342,15
mixed_out,0.42,0.7799385303157307,0.013067917268313843,0.7842634140681423,0.006982941802362342,15
mixed_out,0.422,0.7816149762503491,0.012188836739208184,0.7842634140681423,0.006982941802362342,15
mixed_out,0.424,0.7828443699357361,0.011752936888858659,0.7842634140681423,0.006982941802362342,15
mixed_out,0.426,0.7847443419949707,0.012616856812893077,0.7842634140681423,0.006982941802362342,15
mixed_out,0.428,0.7870354847722827,0.012098577341867338,0.7842634140681423,0.006982941802362342,15
mixed_out,0.43,0.7886560491757473,0.01337262671219458,0.7842634140681423,0.006982941802362342,15
mixed_out,0.432,0.7901089689857502,0.01369770207263403,0.7842634140681423,0.006982941802362342,15
mixed_out,0.434,0.7901089689857502,0.01369770207263403,0.7842634140681423,0.006982941802362342,15
mixed_out,0.436,0.7913383626711371,0.013489806250350773,0.7842634140681423,0.006982941802362342,15
mixed_out,0.438,0.7925677563565242,0.013591509637426901,0.7842634140681423,0.006982941802362342,15
mixed_out,0.44,0.7937971500419111,0.013752988635033485,0.7842634140681423,0.006982941802362342,15
mixed_out,0.442,0.7951941883207599,0.013462694760684476,0.7842634140681423,0.006982941802362342,15
mixed_out,0.444,0.7960324112880691,0.013511317601902762,0.7842634140681423,0.006982941802362342,15
mixed_out,0.446,0.7960324112880691,0.013511317601902762,0.7842634140681423,0.006982941802362342,15
mixed_out,0.448,0.7981000279407656,0.01432639425388233,0.7842634140681423,0.006982941802362342,15
mixed_out,0.45,0.7999441184688459,0.014253624935384528,0.7842634140681423,0.006982941802362342,15
mixed_out,0.452,0.8012852752165409,0.01422006552967452,0.7842634140681423,0.006982941802362342,15
mixed_out,0.454,0.8025705504330819,0.01415204603350121,0.7842634140681423,0.006982941802362342,15
mixed_out,0.456,0.8040234702430847,0.014800273900649273,0.7842634140681423,0.006982941802362342,15
mixed_out,0.458,0.8040234702430847,0.014800273900649273,0.7842634140681423,0.006982941802362342,15
mixed_out,0.46,0.8053087454596256,0.014262823508080039,0.7842634140681423,0.006982941802362342,15
mixed_out,0.462,0.8060910868957809,0.014138137819327537,0.7842634140681423,0.006982941802362342,15
mixed_out,0.464,0.807376362112322,0.014330753020641924,0.7842634140681423,0.006982941802362342,15
mixed_out,0.466,0.808605755797709,0.014035055670031282,0.7842634140681423,0.006982941802362342,15
mixed_out,0.468,0.8093880972338642,0.013536024929115903,0.7842634140681423,0.006982941802362342,15
mixed_out,0.47000000000000003,0.8093880972338642,0.013536024929115903,0.7842634140681423,0.006982941802362342,15
mixed_out,0.47200000000000003,0.8103939647946353,0.012830380082016207,0.7842634140681423,0.006982941802362342,15
mixed_out,0.47400000000000003,0.8115115954177146,0.013160782774603542,0.7842634140681423,0.006982941802362342,15
mixed_out,0.47600000000000003,0.8127968706342554,0.013052853932970267,0.7842634140681423,0.006982941802362342,15
mixed_out,0.47800000000000004,0.8148644872869517,0.012901979418221965,0.7842634140681423,0.006982941802362342,15
mixed_out,0.48,0.8163174070969543,0.013157223144515633,0.7842634140681423,0.006982941802362342,15
mixed_out,0.482,0.8163174070969543,0.013157223144515633,0.7842634140681423,0.006982941802362342,15
mixed_out,0.484,0.8170438670019559,0.01343413394381753,0.7842634140681423,0.006982941802362342,15
mixed_out,0.486,0.8184409052808047,0.013067678303373062,0.7842634140681423,0.006982941802362342,15
mixed_out,0.488,0.8198938250908075,0.013014039582145335,0.7842634140681423,0.006982941802362342,15
mixed_out,0.49,0.820340877340039,0.012933888731800198,0.7842634140681423,0.006982941802362342,15
mixed_out,0.492,0.8212349818385024,0.012780144048212635,0.7842634140681423,0.006982941802362342,15
mixed_out,0.494,0.8212349818385024,0.012780144048212635,0.7842634140681423,0.006982941802362342,15
mixed_out,0.496,0.82190556021235,0.012916493423956689,0.7842634140681423,0.006982941802362342,15
mixed_out,0.498,0.8238614138027383,0.012792599498793198,0.7842634140681423,0.006982941802362342,15
mixed_out,0.5,0.825202570550433,0.012394619348900137,0.7842634140681423,0.006982941802362342,15
mixed_out,0.502,0.8269348980162056,0.012891083189982644,0.7842634140681423,0.006982941802362342,15
mixed_out,0.504,0.8278848840458228,0.012799188653771205,0.7842634140681423,0.006982941802362342,15
mixed_out,0.506,0.8291701592623636,0.012823076398335586,0.7842634140681423,0.006982941802362342,15
mixed_out,0.508,0.8291701592623636,0.012823076398335586,0.7842634140681423,0.006982941802362342,15
mixed_out,0.51,0.8310142497904441,0.012499737979387174,0.7842634140681423,0.006982941802362342,15
mixed_out,0.512,0.8319642358200615,0.012840111864424193,0.7842634140681423,0.006982941802362342,15
mixed_out,0.514,0.8344789047219897,0.012733879380807367,0.7842634140681423,0.006982941802362342,15
mixed_out,0.516,0.8366024029058395,0.013216188866143862,0.7842634140681423,0.006982941802362342,15
mixed_out,0.518,0.8377759150600728,0.01382387554535461,0.7842634140681423,0.006982941802362342,15
mixed_out,0.52,0.8377759150600728,0.01382387554535461,0.7842634140681423,0.006982941802362342,15
mixed_out,0.522,0.8393964794635372,0.0147641501131963,0.7842634140681423,0.006982941802362342,15
mixed_out,0.524,0.8405141100866164,0.014229944158899822,0.7842634140681423,0.006982941802362342,15
mixed_out,0.526,0.8415758591785415,0.014453777207463037,0.7842634140681423,0.006982941802362342,15
mixed_out,0.528,0.8423582006146968,0.014626023361927564,0.7842634140681423,0.006982941802362342,15
mixed_out,0.53,0.8429170159262362,0.014469324480377454,0.7842634140681423,0.006982941802362342,15
mixed_out,0.532,0.8429170159262362,0.014469324480377454,0.7842634140681423,0.006982941802362342,15
mixed_out,0.534,0.8436434758312377,0.014394891524352032,0.7842634140681423,0.006982941802362342,15
mixed_out,0.536,0.8445375803297012,0.014029046988394292,0.7842634140681423,0.006982941802362342,15
mixed_out,0.538,0.8454316848281642,0.0140054324228659,0.7842634140681423,0.006982941802362342,15
mixed_out,0.54,0.8467169600447053,0.013673972027235828,0.7842634140681423,0.006982941802362342,15
mixed_out,0.542,0.8478904721989383,0.014414402387619204,0.7842634140681423,0.006982941802362342,15
mixed_out,0.544,0.8478904721989383,0.014414402387619204,0.7842634140681423,0.006982941802362342,15
mixed_out,0.546,0.8492316289466331,0.01453091743002628,0.7842634140681423,0.006982941802362342,15
mixed_out,0.548,0.850516904163174,0.014738323468329494,0.7842634140681423,0.006982941802362342,15
mixed_out,0.55,0.8522492316289465,0.01451995321324355,0.7842634140681423,0.006982941802362342,15
mixed_out,0.552,0.8533668622520257,0.01382929596467624,0.7842634140681423,0.006982941802362342,15
mixed_out,0.554,0.8545403744062586,0.014598455090811178,0.7842634140681423,0.006982941802362342,15
mixed_out,0.556,0.8545403744062586,0.014598455090811178,0.7842634140681423,0.006982941802362342,15
mixed_out,0.558,0.855378597373568,0.014339466579359432,0.7842634140681423,0.006982941802362342,15
mixed_out,0.56,0.8569991617770327,0.014018804043653549,0.7842634140681423,0.006982941802362342,15
mixed_out,0.562,0.8578932662754959,0.013715017294568284,0.7842634140681423,0.006982941802362342,15
mixed_out,0.5640000000000001,0.8586756077116512,0.013539484969797419,0.7842634140681423,0.006982941802362342,15
mixed_out,0.5660000000000001,0.8596255937412686,0.013629366832220215,0.7842634140681423,0.006982941802362342,15
mixed_out,0.5680000000000001,0.8596255937412686,0.013629366832220215,0.7842634140681423,0.006982941802362342,15
mixed_out,0.5700000000000001,0.8611902766135792,0.013701121283908319,0.7842634140681423,0.006982941802362342,15
mixed_out,0.5720000000000001,0.8621961441743503,0.013639444338144643,0.7842634140681423,0.006982941802362342,15
mixed_out,0.5740000000000001,0.8643755238893547,0.013186857368440958,0.7842634140681423,0.006982941802362342,15
mixed_out,0.5760000000000001,0.8656607991058957,0.013311539055275101,0.7842634140681423,0.006982941802362342,15
mixed_out,0.578,0.866331377479743,0.013407608617532525,0.7842634140681423,0.006982941802362342,15
mixed_out,0.58,0.8672254819782063,0.01384058168687362,0.7842634140681423,0.006982941802362342,15
mixed_out,0.582,0.8672254819782063,0.01384058168687362,0.7842634140681423,0.006982941802362342,15
mixed_out,0.584,0.8681195864766696,0.012762539188484103,0.7842634140681423,0.006982941802362342,15
mixed_out,0.586,0.8693489801620564,0.013146538471301407,0.7842634140681423,0.006982941802362342,15
mixed_out,0.588,0.8703548477228277,0.0127110524118763,0.7842634140681423,0.006982941802362342,15
mixed_out,0.59,0.870969544565521,0.01315579902279936,0.7842634140681423,0.006982941802362342,15
mixed_out,0.592,0.87236658284437,0.011993587862796383,0.7842634140681423,0.006982941802362342,15
mixed_out,0.594,0.87236658284437,0.011993587862796383,0.7842634140681423,0.006982941802362342,15
mixed_out,0.596,0.8736518580609107,0.011915221462824357,0.7842634140681423,0.006982941802362342,15
mixed_out,0.598,0.874881251746298,0.01193093592183964,0.7842634140681423,0.006982941802362342,15
mixed_out,0.6,0.8761106454316849,0.011062002807258081,0.7842634140681423,0.006982941802362342,15
mixed_out,0.602,0.8766135792120704,0.010998303079199813,0.7842634140681423,0.006982941802362342,15
mixed_out,0.604,0.8783459066778431,0.010265484423865535,0.7842634140681423,0.006982941802362342,15
mixed_out,0.606,0.8783459066778431,0.010265484423865535,0.7842634140681423,0.006982941802362342,15
mixed_out,0.608,0.8794076557697682,0.009978570227331205,0.7842634140681423,0.006982941802362342,15
mixed_out,0.61,0.8796870634255378,0.010062710686728519,0.7842634140681423,0.006982941802362342,15
mixed_out,0.612,0.8813076278290026,0.010508699858433324,0.7842634140681423,0.006982941802362342,15
mixed_out,0.614,0.881922324671696,0.010383444128295383,0.7842634140681423,0.006982941802362342,15
mixed_out,0.616,0.8834870075440068,0.010261529080648708,0.7842634140681423,0.006982941802362342,15
mixed_out,0.618,0.8834870075440068,0.010261529080648708,0.7842634140681423,0.006982941802362342,15
mixed_out,0.62,0.884325230511316,0.010011999366956651,0.7842634140681423,0.006982941802362342,15
mixed_out,0.622,0.8852193350097793,0.010074806227202623,0.7842634140681423,0.006982941802362342,15
mixed_out,0.624,0.8857222687901649,0.009982324863194912,0.7842634140681423,0.006982941802362342,15
mixed_out,0.626,0.8867281363509361,0.009536932742514033,0.7842634140681423,0.006982941802362342,15
mixed_out,0.628,0.8876781223805532,0.009334055930980762,0.7842634140681423,0.006982941802362342,15
mixed_out,0.63,0.8876781223805532,0.009334055930980762,0.7842634140681423,0.006982941802362342,15
mixed_out,0.632,0.8890751606594021,0.009297182159524077,0.7842634140681423,0.006982941802362342,15
mixed_out,0.634,0.890360435875943,0.009675092755665443,0.7842634140681423,0.006982941802362342,15
mixed_out,0.636,0.8917574741547919,0.009423289856711405,0.7842634140681423,0.006982941802362342,15
mixed_out,0.638,0.8927633417155629,0.009426271858111998,0.7842634140681423,0.006982941802362342,15
mixed_out,0.64,0.8938250908074882,0.009098570428598313,0.7842634140681423,0.006982941802362342,15
mixed_out,0.642,0.8938250908074882,0.009098570428598313,0.7842634140681423,0.006982941802362342,15
mixed_out,0.644,0.8946633137747975,0.009623961359290199,0.7842634140681423,0.006982941802362342,15
mixed_out,0.646,0.8956691813355686,0.01010915278458255,0.7842634140681423,0.006982941802362342,15
mixed_out,0.648,0.8965074043028778,0.01020599332266206,0.7842634140681423,0.006982941802362342,15
mixed_out,0.65,0.8970103380832637,0.010085958466770358,0.7842634140681423,0.006982941802362342,15
mixed_out,0.652,0.8986867840178822,0.009716961133348153,0.7842634140681423,0.006982941802362342,15
mixed_out,0.654,0.8997485331098071,0.009605123308126469,0.7842634140681423,0.006982941802362342,15
mixed_out,0.656,0.8997485331098071,0.009605123308126469,0.7842634140681423,0.006982941802362342,15
mixed_out,0.658,0.9004191114836545,0.009814489718610233,0.7842634140681423,0.006982941802362342,15
mixed_out,0.66,0.9010338083263482,0.00989655448215161,0.7842634140681423,0.006982941802362342,15
mixed_out,0.662,0.9016485051690416,0.009816716705398177,0.7842634140681423,0.006982941802362342,15
mixed_out,0.664,0.9025984911986588,0.00935010073170294,0.7842634140681423,0.006982941802362342,15
mixed_out,0.666,0.9037720033528918,0.010212110923956285,0.7842634140681423,0.006982941802362342,15
mixed_out,0.668,0.9037720033528918,0.010212110923956285,0.7842634140681423,0.006982941802362342,15
mixed_out,0.67,0.9053366862252028,0.010125819795880094,0.7842634140681423,0.006982941802362342,15
mixed_out,0.672,0.9062307907236661,0.010228915462102481,0.7842634140681423,0.006982941802362342,15
mixed_out,0.674,0.9076278290025148,0.009699269645666447,0.7842634140681423,0.006982941802362342,15
mixed_out,0.676,0.9084660519698241,0.009857350035796434,0.7842634140681423,0.006982941802362342,15
mixed_out,0.678,0.9094719195305951,0.009842132195713558,0.7842634140681423,0.006982941802362342,15
mixed_out,0.68,0.9094719195305951,0.009842132195713558,0.7842634140681423,0.006982941802362342,15
mixed_out,0.682,0.9105336686225203,0.009520218804826756,0.7842634140681423,0.006982941802362342,15
mixed_out,0.684,0.911986588432523,0.008359847177406319,0.7842634140681423,0.006982941802362342,15
mixed_out,0.686,0.9126571668063705,0.00875505063576512,0.7842634140681423,0.006982941802362342,15
mixed_out,0.6880000000000001,0.9131042190556022,0.00835237301661173,0.7842634140681423,0.006982941802362342,15
mixed_out,0.6900000000000001,0.9139424420229113,0.008391538093143995,0.7842634140681423,0.006982941802362342,15
mixed_out,0.6920000000000001,0.9139424420229113,0.008391538093143995,0.7842634140681423,0.006982941802362342,15
mixed_out,0.6940000000000001,0.9150600726459903,0.008687736144574448,0.7842634140681423,0.006982941802362342,15
mixed_out,0.6960000000000001,0.915563006426376,0.008751126283700887,0.7842634140681423,0.006982941802362342,15
mixed_out,0.6980000000000001,0.9164012293936854,0.00872432228913307,0.7842634140681423,0.006982941802362342,15
mixed_out,0.7000000000000001,0.9174629784856106,0.007880286637709125,0.7842634140681423,0.006982941802362342,15
mixed_out,0.7020000000000001,0.918133556859458,0.00780743188446962,0.7842634140681423,0.006982941802362342,15
mixed_out,0.704,0.918133556859458,0.00780743188446962,0.7842634140681423,0.006982941802362342,15
mixed_out,0.706,0.9191394244202292,0.007730256033882351,0.7842634140681423,0.006982941802362342,15
mixed_out,0.708,0.9203688181056162,0.007839364254484575,0.7842634140681423,0.006982941802362342,15
mixed_out,0.71,0.9226040793517742,0.007476439318390422,0.7842634140681423,0.006982941802362342,15
mixed_out,0.712,0.9240011176306232,0.007064097498993235,0.7842634140681423,0.006982941802362342,15
mixed_out,0.714,0.9244481698798546,0.007118263051771384,0.7842634140681423,0.006982941802362342,15
mixed_out,0.716,0.9258452081587034,0.006368043135539867,0.7842634140681423,0.006982941802362342,15
mixed_out,0.718,0.9258452081587034,0.006368043135539867,0.7842634140681423,0.006982941802362342,15
mixed_out,0.72,0.926404023470243,0.006407153241491422,0.7842634140681423,0.006982941802362342,15
mixed_out,0.722,0.9269628387817826,0.0063089233986719055,0.7842634140681423,0.006982941802362342,15
mixed_out,0.724,0.9277451802179381,0.006030546772373829,0.7842634140681423,0.006982941802362342,15
mixed_out,0.726,0.9283598770606314,0.0059654679609198145,0.7842634140681423,0.006982941802362342,15
mixed_out,0.728,0.9288628108410172,0.006151031195671208,0.7842634140681423,0.006982941802362342,15
mixed_out,0.73,0.9288628108410172,0.006151031195671208,0.7842634140681423,0.006982941802362342,15
mixed_out,0.732,0.9297569153394802,0.0064436033776583785,0.7842634140681423,0.006982941802362342,15
mixed_out,0.734,0.9304833752444818,0.006589283251403709,0.7842634140681423,0.006982941802362342,15
mixed_out,0.736,0.931265716680637,0.006571725085428116,0.7842634140681423,0.006982941802362342,15
mixed_out,0.738,0.9324392288348698,0.00593345034855938,0.7842634140681423,0.006982941802362342,15
mixed_out,0.74,0.9332774518021795,0.005949218248666474,0.7842634140681423,0.006982941802362342,15
mixed_out,0.742,0.9332774518021795,0.005949218248666474,0.7842634140681423,0.006982941802362342,15
mixed_out,0.744,0.9339480301760269,0.005800922837601998,0.7842634140681423,0.006982941802362342,15
mixed_out,0.746,0.9345068454875664,0.005894375853408986,0.7842634140681423,0.006982941802362342,15
mixed_out,0.748,0.9351215423302598,0.00611232586258744,0.7842634140681423,0.006982941802362342,15
mixed_out,0.75,0.9357921207041072,0.006418839805222691,0.7842634140681423,0.006982941802362342,15
mixed_out,0.752,0.9367979882648784,0.006352823242748179,0.7842634140681423,0.006982941802362342,15
mixed_out,0.754,0.9367979882648784,0.006352823242748179,0.7842634140681423,0.006982941802362342,15
mixed_out,0.756,0.9380832634814192,0.0056675003715040626,0.7842634140681423,0.006982941802362342,15
mixed_out,0.758,0.9386979603241128,0.006166242737807767,0.7842634140681423,0.006982941802362342,15
mixed_out,0.76,0.9392008941044985,0.006181416846728072,0.7842634140681423,0.006982941802362342,15
mixed_out,0.762,0.9398155909471921,0.005968084738674699,0.7842634140681423,0.006982941802362342,15
mixed_out,0.764,0.9407096954456552,0.00583527353214041,0.7842634140681423,0.006982941802362342,15
mixed_out,0.766,0.9407096954456552,0.00583527353214041,0.7842634140681423,0.006982941802362342,15
mixed_out,0.768,0.9414920368818105,0.0057928424285569125,0.7842634140681423,0.006982941802362342,15
mixed_out,0.77,0.941994970662196,0.005817049982530585,0.7842634140681423,0.006982941802362342,15
mixed_out,0.772,0.9425537859737356,0.00559262185110782,0.7842634140681423,0.006982941802362342,15
mixed_out,0.774,0.9431684828164291,0.005865165359442036,0.7842634140681423,0.006982941802362342,15
mixed_out,0.776,0.9440067057837385,0.005808992006668253,0.7842634140681423,0.006982941802362342,15
mixed_out,0.778,0.9440067057837385,0.005808992006668253,0.7842634140681423,0.006982941802362342,15
mixed_out,0.78,0.9443978765018161,0.00606514157081425,0.7842634140681423,0.006982941802362342,15
mixed_out,0.782,0.9451243364068175,0.0065134952744714735,0.7842634140681423,0.006982941802362342,15
mixed_out,0.784,0.945850796311819,0.0062186880103910795,0.7842634140681423,0.006982941802362342,15
mixed_out,0.786,0.9468566638725903,0.006890444321563945,0.7842634140681423,0.006982941802362342,15
mixed_out,0.788,0.9476390053087456,0.006563642072098824,0.7842634140681423,0.006982941802362342,15
mixed_out,0.79,0.9484772282760549,0.0057820509839610484,0.7842634140681423,0.006982941802362342,15
mixed_out,0.792,0.9484772282760549,0.0057820509839610484,0.7842634140681423,0.006982941802362342,15
mixed_out,0.794,0.9494830958368259,0.0057299691483022695,0.7842634140681423,0.006982941802362342,15
mixed_out,0.796,0.9499860296172115,0.005924496577009718,0.7842634140681423,0.006982941802362342,15
mixed_out,0.798,0.9506007264599049,0.005843295265569082,0.7842634140681423,0.006982941802362342,15
mixed_out,0.8,0.9512154233025986,0.0055533984906643566,0.7842634140681423,0.006982941802362342,15
mixed_out,0.802,0.9520536462699076,0.005612130732277742,0.7842634140681423,0.006982941802362342,15
mixed_out,0.804,0.9520536462699076,0.005612130732277742,0.7842634140681423,0.006982941802362342,15
mixed_out,0.806,0.9531712768929868,0.005431155882567332,0.7842634140681423,0.006982941802362342,15
mixed_out,0.808,0.9540094998602962,0.00514777801751394,0.7842634140681423,0.006982941802362342,15
mixed_out,0.81,0.9545124336406818,0.005198484371973276,0.7842634140681423,0.006982941802362342,15
mixed_out,0.812,0.955350656607991,0.005487782597235368,0.7842634140681423,0.006982941802362342,15
mixed_out,0.8140000000000001,0.956580050293378,0.005991584310111288,0.7842634140681423,0.006982941802362342,15
mixed_out,0.8160000000000001,0.956580050293378,0.005991584310111288,0.7842634140681423,0.006982941802362342,15
mixed_out,0.8180000000000001,0.9571388656049176,0.006120494694649027,0.7842634140681423,0.006982941802362342,15
mixed_out,0.8200000000000001,0.9579212070410729,0.006191512259050927,0.7842634140681423,0.006982941802362342,15
mixed_out,0.8220000000000001,0.9589829561329979,0.005811141892754701,0.7842634140681423,0.006982941802362342,15
mixed_out,0.8240000000000001,0.9597652975691535,0.005274813989120635,0.7842634140681423,0.006982941802362342,15
mixed_out,0.8260000000000001,0.9605476390053089,0.00519848437197328,0.7842634140681423,0.006982941802362342,15
mixed_out,0.8280000000000001,0.9605476390053089,0.00519848437197328,0.7842634140681423,0.006982941802362342,15
mixed_out,0.8300000000000001,0.9612182173791565,0.005278956436376442,0.7842634140681423,0.006982941802362342,15
mixed_out,0.8320000000000001,0.9620005588153117,0.005429430701979836,0.7842634140681423,0.006982941802362342,15
mixed_out,0.834,0.962559374126851,0.005351221959150205,0.7842634140681423,0.006982941802362342,15
mixed_out,0.836,0.9631181894383907,0.00504793061330482,0.7842634140681423,0.006982941802362342,15
mixed_out,0.838,0.9633417155630065,0.005033682268740334,0.7842634140681423,0.006982941802362342,15
mixed_out,0.84,0.9633417155630065,0.005033682268740334,0.7842634140681423,0.006982941802362342,15
mixed_out,0.842,0.9640122939368541,0.005349471000290276,0.7842634140681423,0.006982941802362342,15
mixed_out,0.844,0.9642917015926237,0.005421948576293785,0.7842634140681423,0.006982941802362342,15
mixed_out,0.846,0.9652975691533948,0.004971258198666487,0.7842634140681423,0.006982941802362342,15
mixed_out,0.848,0.9658563844649344,0.005052259090157344,0.7842634140681423,0.006982941802362342,15
mixed_out,0.85,0.9664710813076278,0.004800610582825275,0.7842634140681423,0.006982941802362342,15
mixed_out,0.852,0.9664710813076278,0.004800610582825275,0.7842634140681423,0.006982941802362342,15
mixed_out,0.854,0.9673093042749372,0.004601327488178592,0.7842634140681423,0.006982941802362342,15
mixed_out,0.856,0.9677004749930147,0.004370207274885102,0.7842634140681423,0.006982941802362342,15
mixed_out,0.858,0.9680916457110925,0.004290158752203248,0.7842634140681423,0.006982941802362342,15
mixed_out,0.86,0.9686504610226321,0.004558371279023892,0.7842634140681423,0.006982941802362342,15
mixed_out,0.862,0.9691533948030175,0.004822028947707104,0.7842634140681423,0.006982941802362342,15
mixed_out,0.864,0.9694328024587874,0.005065222327409749,0.7842634140681423,0.006982941802362342,15
mixed_out,0.866,0.9694328024587874,0.005065222327409749,0.7842634140681423,0.006982941802362342,15
mixed_out,0.868,0.9706621961441741,0.004820085756434274,0.7842634140681423,0.006982941802362342,15
mixed_out,0.87,0.9713327745180217,0.005114305085732351,0.7842634140681423,0.006982941802362342,15
mixed_out,0.872,0.9717239452360995,0.005162316369882526,0.7842634140681423,0.006982941802362342,15
mixed_out,0.874,0.9724504051411008,0.005129547132657349,0.7842634140681423,0.006982941802362342,15
mixed_out,0.876,0.9729533389214865,0.0053930744303748645,0.7842634140681423,0.006982941802362342,15
mixed_out,0.878,0.9729533389214865,0.0053930744303748645,0.7842634140681423,0.006982941802362342,15
mixed_out,0.88,0.973679798826488,0.005119797450034704,0.7842634140681423,0.006982941802362342,15
mixed_out,0.882,0.9741268510757197,0.005229030484622342,0.7842634140681423,0.006982941802362342,15
mixed_out,0.884,0.974797429449567,0.005261180126712423,0.7842634140681423,0.006982941802362342,15
mixed_out,0.886,0.9753562447611065,0.005201487020159869,0.7842634140681423,0.006982941802362342,15
mixed_out,0.888,0.9757474154791841,0.005366954882835629,0.7842634140681423,0.006982941802362342,15
mixed_out,0.89,0.9757474154791841,0.005366954882835629,0.7842634140681423,0.006982941802362342,15
mixed_out,0.892,0.9765856384464935,0.005005687773469384,0.7842634140681423,0.006982941802362342,15
mixed_out,0.894,0.9769768091645712,0.0048959365440200036,0.7842634140681423,0.006982941802362342,15
mixed_out,0.896,0.9777032690695725,0.004856873447921933,0.7842634140681423,0.006982941802362342,15
mixed_out,0.898,0.978317965912266,0.0049530080594937746,0.7842634140681423,0.006982941802362342,15
mixed_out,0.9,0.9788208996926514,0.004920748804191389,0.7842634140681423,0.006982941802362342,15
mixed_out,0.902,0.9788208996926514,0.004920748804191389,0.7842634140681423,0.006982941802362342,15
mixed_out,0.904,0.9790444258172675,0.004906767570497927,0.7842634140681423,0.006982941802362342,15
mixed_out,0.906,0.9795473595976532,0.004639849959127583,0.7842634140681423,0.006982941802362342,15
mixed_out,0.908,0.9806091086895781,0.004905494573312056,0.7842634140681423,0.006982941802362342,15
mixed_out,0.91,0.9811679240011177,0.004589775735877302,0.7842634140681423,0.006982941802362342,15
mixed_out,0.912,0.9820620284995809,0.004238900535012657,0.7842634140681423,0.006982941802362342,15
mixed_out,0.914,0.9820620284995809,0.004238900535012657,0.7842634140681423,0.006982941802362342,15
mixed_out,0.916,0.9829002514668902,0.004629743543382604,0.7842634140681423,0.006982941802362342,15
mixed_out,0.918,0.9836267113718916,0.004359475801026445,0.7842634140681423,0.006982941802362342,15
mixed_out,0.92,0.984185526683431,0.004172820274399433,0.7842634140681423,0.006982941802362342,15
mixed_out,0.922,0.984241408214585,0.004187760602446535,0.7842634140681423,0.006982941802362342,15
mixed_out,0.924,0.9850796311818943,0.004330728531991645,0.7842634140681423,0.006982941802362342,15
mixed_out,0.926,0.9850796311818943,0.004330728531991645,0.7842634140681423,0.006982941802362342,15
mixed_out,0.928,0.98558256496228,0.003726087304424631,0.7842634140681423,0.006982941802362342,15
mixed_out,0.93,0.9862531433361271,0.0035005218806070586,0.7842634140681423,0.006982941802362342,15
mixed_out,0.932,0.986756077116513,0.0034520134588388813,0.7842634140681423,0.006982941802362342,15
mixed_out,0.934,0.9873707739592065,0.0033871768562596686,0.7842634140681423,0.006982941802362342,15
mixed_out,0.936,0.9879295892707459,0.0033917833820605765,0.7842634140681423,0.006982941802362342,15
mixed_out,0.9380000000000001,0.9884325230511315,0.0029389648040915772,0.7842634140681423,0.006982941802362342,15
mixed_out,0.9400000000000001,0.9884325230511315,0.0029389648040915772,0.7842634140681423,0.006982941802362342,15
mixed_out,0.9420000000000001,0.9887678122380554,0.0029325826797210338,0.7842634140681423,0.006982941802362342,15
mixed_out,0.9440000000000001,0.9893266275495949,0.003052584584240886,0.7842634140681423,0.006982941802362342,15
mixed_out,0.9460000000000001,0.9897177982676727,0.002878848141355975,0.7842634140681423,0.006982941802362342,15
mixed_out,0.9480000000000001,0.9907236658284437,0.0022170253618192114,0.7842634140681423,0.006982941802362342,15
mixed_out,0.9500000000000001,0.9913383626711371,0.0020683716706702206,0.7842634140681423,0.006982941802362342,15
mixed_out,0.9520000000000001,0.9913383626711371,0.0020683716706702206,0.7842634140681423,0.006982941802362342,15
mixed_out,0.9540000000000001,0.9917295333892149,0.001980446509826144,0.7842634140681423,0.006982941802362342,15
mixed_out,0.9560000000000001,0.9923442302319084,0.0020953711382232674,0.7842634140681423,0.006982941802362342,15
mixed_out,0.9580000000000001,0.9927354009499859,0.002135230307297324,0.7842634140681423,0.006982941802362342,15
mixed_out,0.96,0.9931824531992176,0.0021176077475827154,0.7842634140681423,0.006982941802362342,15
mixed_out,0.962,0.9935736239172951,0.002135230307297313,0.7842634140681423,0.006982941802362342,15
mixed_out,0.964,0.9935736239172951,0.002135230307297313,0.7842634140681423,0.006982941802362342,15
mixed_out,0.966,0.9940206761665268,0.002117607747582728,0.7842634140681423,0.006982941802362342,15
mixed_out,0.968,0.9943559653534506,0.0019470524046028893,0.7842634140681423,0.006982941802362342,15
mixed_out,0.97,0.9951941883207599,0.0013846897673499684,0.7842634140681423,0.006982941802362342,15
mixed_out,0.972,0.9956412405699915,0.001536488078778153,0.7842634140681423,0.006982941802362342,15
mixed_out,0.974,0.9958088851634536,0.0013341532703339905,0.7842634140681423,0.006982941802362342,15
mixed_out,0.976,0.9958088851634536,0.0013341532703339905,0.7842634140681423,0.006982941802362342,15
mixed_out,0.978,0.9960882928192233,0.0012864894588680014,0.7842634140681423,0.006982941802362342,15
mixed_out,0.98,0.996702989661917,0.00148270457238578,0.7842634140681423,0.006982941802362342,15
mixed_out,0.982,0.9969265157865326,0.0014890095104190418,0.7842634140681423,0.006982941802362342,15
mixed_out,0.984,0.9972059234423022,0.0013914389044972226,0.7842634140681423,0.006982941802362342,15
mixed_out,0.986,0.9973735680357643,0.0013981554627769733,0.7842634140681423,0.006982941802362342,15
mixed_out,0.988,0.9973735680357643,0.0013981554627769733,0.7842634140681423,0.006982941802362342,15
mixed_out,0.99,0.9977088572226881,0.0009902232549130864,0.7842634140681423,0.006982941802362342,15
mixed_out,0.992,0.9981559094719198,0.0011120284292893347,0.7842634140681423,0.006982941802362342,15
mixed_out,0.994,0.9986029617211514,0.0009996392187761097,0.7842634140681423,0.006982941802362342,15
mixed_out,0.996,0.9991617770326909,0.0009182272548284248,0.7842634140681423,0.006982941802362342,15
mixed_out,0.998,0.9994411846884607,0.0007902841924409429,0.7842634140681423,0.006982941802362342,15
mixed_out,1.0,1.0,0.0,0.7842634140681423,0.006982941802362342,15
pooled,0.0,0.0035285694883008677,0.002393029519719585,0.5056862407775043,0.017565337957696894,6
pooled,0.002,0.0035285694883008677,0.002393029519719585,0.5056862407775043,0.017565337957696894,6
pooled,0.004,0.006168216898990247,0.004393216842332043,0.5056862407775043,0.017565337957696894,6
pooled,0.006,0.010686969469563668,0.0057371198359707255,0.5056862407775043,0.017565337957696894,6
pooled,0.008,0.015644533697083973,0.0059692464729908055,0.5056862407775043,0.017565337957696894,6
pooled,0.01,0.015929312749413248,0.005867302363848608,0.5056862407775043,0.017565337957696894,6
pooled,0.012,0.017914630363672013,0.00596336419421414,0.5056862407775043,0.017565337957696894,6
pooled,0.014,0.022250565482229118,0.00769451627221401,0.5056862407775043,0.017565337957696894,6
pooled,0.016,0.024233212841373548,0.00839027398746499,0.5056862407775043,0.017565337957696894,6
pooled,0.018000000000000002,0.02660659823092315,0.00684221118067745,0.5056862407775043,0.017565337957696894,6
pooled,0.02,0.029580572097516106,0.004080945775769742,0.5056862407775043,0.017565337957696894,6
pooled,0.022,0.031422609904239174,0.0058626640751539985,0.5056862407775043,0.017565337957696894,6
pooled,0.024,0.032966979105117984,0.00520724861748164,0.5056862407775043,0.017565337957696894,6
pooled,0.026000000000000002,0.035928897707565764,0.006706056051603813,0.5056862407775043,0.017565337957696894,6
pooled,0.028,0.03720961686222413,0.006468254774547314,0.5056862407775043,0.017565337957696894,6
pooled,0.03,0.039042092394579495,0.006950535136588475,0.5056862407775043,0.017565337957696894,6
pooled,0.032,0.041965178940992186,0.00864104229458598,0.5056862407775043,0.017565337957696894,6
pooled,0.034,0.04281260096475311,0.007875162389636009,0.5056862407775043,0.017565337957696894,6
pooled,0.036000000000000004,0.04560694917169104,0.007943550053433425,0.5056862407775043,0.017565337957696894,6
pooled,0.038,0.04645708314273276,0.008624210702045231,0.5056862407775043,0.017565337957696894,6
pooled,0.04,0.047578109547622566,0.008239270441697085,0.5056862407775043,0.017565337957696894,6
pooled,0.042,0.050122785510415956,0.009788188189550927,0.5056862407775043,0.017565337957696894,6
pooled,0.044,0.05196107785097834,0.00867917027284651,0.5056862407775043,0.017565337957696894,6
pooled,0.046,0.05324118421359636,0.008759604940546877,0.5056862407775043,0.017565337957696894,6
pooled,0.048,0.05522802826428714,0.010062364324807583,0.5056862407775043,0.017565337957696894,6
pooled,0.05,0.056064275616847674,0.0096187188039872,0.5056862407775043,0.017565337957696894,6
pooled,0.052000000000000005,0.05846441380307551,0.011335017791364822,0.5056862407775043,0.017565337957696894,6
pooled,0.054,0.06115992960450555,0.01091551275484541,0.5056862407775043,0.017565337957696894,6
pooled,0.056,0.06257803387375689,0.010096005192655593,0.5056862407775043,0.017565337957696894,6
pooled,0.058,0.06427845843229239,0.009636067975201086,0.5056862407775043,0.017565337957696894,6
pooled,0.06,0.06623915069908871,0.009660083019863007,0.5056862407775043,0.017565337957696894,6
pooled,0.062,0.06736626767056858,0.011186864658244866,0.5056862407775043,0.017565337957696894,6
pooled,0.064,0.06920994554479416,0.0107650346944421,0.5056862407775043,0.017565337957696894,6
pooled,0.066,0.07034712736572529,0.010337692012706203,0.5056862407775043,0.017565337957696894,6
pooled,0.068,0.07215259227762481,0.010878304714930738,0.5056862407775043,0.017565337957696894,6
pooled,0.07,0.07412935745736768,0.013013813538728556,0.5056862407775043,0.017565337957696894,6
pooled,0.07200000000000001,0.07635719639426533,0.013586012907256684,0.5056862407775043,0.017565337957696894,6
pooled,0.074,0.0799012219591026,0.013676511556760146,0.5056862407775043,0.017565337957696894,6
pooled,0.076,0.08031679423096229,0.013458032545042603,0.5056862407775043,0.017565337957696894,6
pooled,0.078,0.08214178477682794,0.014382839005732699,0.5056862407775043,0.017565337957696894,6
pooled,0.08,0.08611791667073299,0.012614302773501512,0.5056862407775043,0.017565337957696894,6
pooled,0.082,0.08738973338787413,0.012709532791901072,0.5056862407775043,0.017565337957696894,6
pooled,0.084,0.08979234960643241,0.013546549486524758,0.5056862407775043,0.017565337957696894,6
pooled,0.08600000000000001,0.09178217398200994,0.012713601875135679,0.5056862407775043,0.017565337957696894,6
pooled,0.088,0.09290811294772859,0.01277295874106171,0.5056862407775043,0.017565337957696894,6
pooled,0.09,0.09573969575625713,0.013161203355314233,0.5056862407775043,0.017565337957696894,6
pooled,0.092,0.09729367739284144,0.01467076373159439,0.5056862407775043,0.017565337957696894,6
pooled,0.094,0.09941842440131647,0.014186162312828736,0.5056862407775043,0.017565337957696894,6
pooled,0.096,0.10422247206528072,0.014710853838086051,0.5056862407775043,0.017565337957696894,6
pooled,0.098,0.10901409383181115,0.019890103286769743,0.5056862407775043,0.017565337957696894,6
pooled,0.1,0.11368994830478879,0.01969248200702493,0.5056862407775043,0.017565337957696894,6
pooled,0.10200000000000001,0.11552795290866368,0.02037618704973511,0.5056862407775043,0.017565337957696894,6
pooled,0.10400000000000001,0.11623862694927371,0.02040661583986688,0.5056862407775043,0.017565337957696894,6
pooled,0.106,0.11876995192352817,0.019281478344584064,0.5056862407775043,0.017565337957696894,6
pooled,0.108,0.1206062840598926,0.019166582206964718,0.5056862407775043,0.017565337957696894,6
pooled,0.11,0.12230895750833855,0.020104644942581115,0.5056862407775043,0.017565337957696894,6
pooled,0.112,0.12329582047577313,0.0198930257614652,0.5056862407775043,0.017565337957696894,6
pooled,0.114,0.12528151543798358,0.01923616528346189,0.5056862407775043,0.017565337957696894,6
pooled,0.116,0.12598833721654043,0.019405669528777862,0.5056862407775043,0.017565337957696894,6
pooled,0.11800000000000001,0.126981287314442,0.01983307408521468,0.5056862407775043,0.017565337957696894,6
pooled,0.12,0.12897050323993506,0.01986003186647698,0.5056862407775043,0.017565337957696894,6
pooled,0.122,0.129926004195436,0.018148844830403615,0.5056862407775043,0.017565337957696894,6
pooled,0.124,0.13175248411005036,0.01719383948851651,0.5056862407775043,0.017565337957696894,6
pooled,0.126,0.13345756803012024,0.017775336754903913,0.5056862407775043,0.017565337957696894,6
pooled,0.128,0.13459091285710592,0.01830610687477572,0.5056862407775043,0.017565337957696894,6
pooled,0.13,0.13699578731939602,0.01930111972297656,0.5056862407775043,0.017565337957696894,6
pooled,0.132,0.13895997992872355,0.018404300057977264,0.5056862407775043,0.017565337957696894,6
pooled,0.134,0.13937909711588534,0.0183284074530386,0.5056862407775043,0.017565337957696894,6
pooled,0.136,0.14037273416578852,0.01810134688258735,0.5056862407775043,0.017565337957696894,6
pooled,0.138,0.1407978011513094,0.018417361556074718,0.5056862407775043,0.017565337957696894,6
pooled,0.14,0.14359259837906221,0.017287065173899212,0.5056862407775043,0.017565337957696894,6
pooled,0.14200000000000002,0.14458307072716062,0.017004991565045167,0.5056862407775043,0.017565337957696894,6
pooled,0.14400000000000002,0.146966258800428,0.01738516242620129,0.5056862407775043,0.017565337957696894,6
pooled,0.146,0.14867347518157908,0.01796976228277469,0.5056862407775043,0.017565337957696894,6
pooled,0.148,0.1496700231106871,0.01821952531854464,0.5056862407775043,0.017565337957696894,6
pooled,0.15,0.15206355722908949,0.019595553570633698,0.5056862407775043,0.017565337957696894,6
pooled,0.152,0.15390761531681238,0.020686935675011325,0.5056862407775043,0.017565337957696894,6
pooled,0.154,0.15860072258182617,0.021527089236588654,0.5056862407775043,0.017565337957696894,6
pooled,0.156,0.1595931514154722,0.02122955591208841,0.5056862407775043,0.017565337957696894,6
pooled,0.158,0.16139570944934453,0.019256334753589212,0.5056862407775043,0.017565337957696894,6
pooled,0.16,0.1629542838391935,0.018915435816536492,0.5056862407775043,0.017565337957696894,6
pooled,0.162,0.16489666303023678,0.01734099048236723,0.5056862407775043,0.017565337957696894,6
pooled,0.164,0.16573912301338758,0.018519300209816503,0.5056862407775043,0.017565337957696894,6
pooled,0.166,0.16658534774704317,0.018545127414420833,0.5056862407775043,0.017565337957696894,6
pooled,0.168,0.16869062732843731,0.01895804881995277,0.5056862407775043,0.017565337957696894,6
pooled,0.17,0.1701014371999895,0.020303733665221795,0.5056862407775043,0.017565337957696894,6
pooled,0.17200000000000001,0.17078393788249016,0.019240462528649725,0.5056862407775043,0.017565337957696894,6
pooled,0.17400000000000002,0.17433469767130458,0.02016241932386169,0.5056862407775043,0.017565337957696894,6
pooled,0.176,0.17730055628668898,0.020612383869001372,0.5056862407775043,0.017565337957696894,6
pooled,0.178,0.17983991580566402,0.02151219876279313,0.5056862407775043,0.017565337957696894,6
pooled,0.18,0.1806810420724344,0.021743759972252048,0.5056862407775043,0.017565337957696894,6
pooled,0.182,0.18096569906076346,0.021891454655117982,0.5056862407775043,0.017565337957696894,6
pooled,0.184,0.18224435432573494,0.021258857626521247,0.5056862407775043,0.017565337957696894,6
pooled,0.186,0.1840952437537867,0.02249999529710986,0.5056862407775043,0.017565337957696894,6
pooled,0.188,0.18578769197448677,0.022991752579586567,0.5056862407775043,0.017565337957696894,6
pooled,0.19,0.1914012108410247,0.024746074410664547,0.5056862407775043,0.017565337957696894,6
pooled,0.192,0.191828926837603,0.025120303148321893,0.5056862407775043,0.017565337957696894,6
pooled,0.194,0.19352099546811138,0.02499954559020487,0.5056862407775043,0.017565337957696894,6
pooled,0.196,0.19557942868211894,0.022783992653660864,0.5056862407775043,0.017565337957696894,6
pooled,0.198,0.1985486661993399,0.024616210046746703,0.5056862407775043,0.017565337957696894,6
pooled,0.2,0.19953294896303464,0.024516747400357523,0.5056862407775043,0.017565337957696894,6
pooled,0.202,0.20080201483848728,0.024636252426539832,0.5056862407775043,0.017565337957696894,6
pooled,0.20400000000000001,0.20516482978850714,0.0253669426590755,0.5056862407775043,0.017565337957696894,6
pooled,0.20600000000000002,0.20686663354202675,0.024825125531566898,0.5056862407775043,0.017565337957696894,6
pooled,0.20800000000000002,0.20798639819144948,0.02491580288396751,0.5056862407775043,0.017565337957696894,6
pooled,0.21,0.21111690263077362,0.025000086356974895,0.5056862407775043,0.017565337957696894,6
pooled,0.212,0.21393944905367315,0.02500870690660022,0.5056862407775043,0.017565337957696894,6
pooled,0.214,0.2152129750179579,0.02615278457818509,0.5056862407775043,0.017565337957696894,6
pooled,0.216,0.21704213759024868,0.025342438149513816,0.5056862407775043,0.017565337957696894,6
pooled,0.218,0.22082022148081384,0.022899960425677816,0.5056862407775043,0.017565337957696894,6
pooled,0.22,0.22181531831227533,0.023108439779983475,0.5056862407775043,0.017565337957696894,6
pooled,0.222,0.22336803847591982,0.024175636055691015,0.5056862407775043,0.017565337957696894,6
pooled,0.224,0.22479132341756516,0.0248501107396872,0.5056862407775043,0.017565337957696894,6
pooled,0.226,0.22588332450956627,0.023551617665809065,0.5056862407775043,0.017565337957696894,6
pooled,0.228,0.22829810101416592,0.023707530818446985,0.5056862407775043,0.017565337957696894,6
pooled,0.23,0.2305595953824863,0.023063624604665763,0.5056862407775043,0.017565337957696894,6
pooled,0.232,0.23197105793611558,0.023793852792068058,0.5056862407775043,0.017565337957696894,6
pooled,0.234,0.23423979907721168,0.024572617144449794,0.5056862407775043,0.017565337957696894,6
pooled,0.23600000000000002,0.23678110577451708,0.025021071251497426,0.5056862407775043,0.017565337957696894,6
pooled,0.23800000000000002,0.2380598861988336,0.024900266858220443,0.5056862407775043,0.017565337957696894,6
pooled,0.24,0.24329394513924596,0.02488518256798318,0.5056862407775043,0.017565337957696894,6
pooled,0.242,0.24484411936907524,0.02493172676375354,0.5056862407775043,0.017565337957696894,6
pooled,0.244,0.24651007481251083,0.024139901828961877,0.5056862407775043,0.017565337957696894,6
pooled,0.246,0.24835169251569988,0.024578088667004862,0.5056862407775043,0.017565337957696894,6
pooled,0.248,0.2503380987542549,0.025144060619667,0.5056862407775043,0.017565337957696894,6
pooled,0.25,0.25174724361065604,0.02446262113950792,0.5056862407775043,0.017565337957696894,6
pooled,0.252,0.2552215848373815,0.020440792299449555,0.5056862407775043,0.017565337957696894,6
pooled,0.254,0.2574888503055061,0.02044144334131248,0.5056862407775043,0.017565337957696894,6
pooled,0.256,0.2596214765354648,0.02056280322120407,0.5056862407775043,0.017565337957696894,6
pooled,0.258,0.26325825136146175,0.02027175671341107,0.5056862407775043,0.017565337957696894,6
pooled,0.26,0.266776420657171,0.019222430849966454,0.5056862407775043,0.017565337957696894,6
pooled,0.262,0.2681835109160438,0.01986342761061863,0.5056862407775043,0.017565337957696894,6
pooled,0.264,0.26875137379505537,0.019885331924656927,0.5056862407775043,0.017565337957696894,6
pooled,0.266,0.27086488695794914,0.021224966835001583,0.5056862407775043,0.017565337957696894,6
pooled,0.268,0.27283012120501376,0.022468038268886017,0.5056862407775043,0.017565337957696894,6
pooled,0.27,0.27521239376397294,0.021893685292375207,0.5056862407775043,0.017565337957696894,6
pooled,0.272,0.278755285880761,0.022248827726789593,0.5056862407775043,0.017565337957696894,6
pooled,0.274,0.280179301336491,0.023092101407318644,0.5056862407775043,0.017565337957696894,6
pooled,0.276,0.28283207680858363,0.02061982901776644,0.5056862407775043,0.017565337957696894,6
pooled,0.278,0.28410783297360687,0.020027257312014813,0.5056862407775043,0.017565337957696894,6
pooled,0.28,0.2873240787815267,0.019192303016301208,0.5056862407775043,0.017565337957696894,6
pooled,0.28200000000000003,0.2925752279743021,0.020326264254760723,0.5056862407775043,0.017565337957696894,6
pooled,0.28400000000000003,0.2957542438633654,0.018944146324390686,0.5056862407775043,0.017565337957696894,6
pooled,0.28600000000000003,0.29731168290370347,0.01917836298265424,0.5056862407775043,0.017565337957696894,6
pooled,0.28800000000000003,0.30182707156755667,0.020294078375288224,0.5056862407775043,0.017565337957696894,6
pooled,0.29,0.3029653351987889,0.02091443339526577,0.5056862407775043,0.017565337957696894,6
pooled,0.292,0.3048073281502139,0.022085842322069196,0.5056862407775043,0.017565337957696894,6
pooled,0.294,0.3091718190415365,0.026679941791163852,0.5056862407775043,0.017565337957696894,6
pooled,0.296,0.3122730711252677,0.026795160725629555,0.5056862407775043,0.017565337957696894,6
pooled,0.298,0.3159562501796184,0.026762852931829034,0.5056862407775043,0.017565337957696894,6
pooled,0.3,0.3183779046819748,0.027351794319690495,0.5056862407775043,0.017565337957696894,6
pooled,0.302,0.3196473507709247,0.028771118357176235,0.5056862407775043,0.017565337957696894,6
pooled,0.304,0.3210359090712786,0.02783723331232551,0.5056862407775043,0.017565337957696894,6
pooled,0.306,0.32201822414074655,0.028388491966149135,0.5056862407775043,0.017565337957696894,6
pooled,0.308,0.32669567454856624,0.029017076507782676,0.5056862407775043,0.017565337957696894,6
pooled,0.31,0.3286811515920946,0.02880047148508745,0.5056862407775043,0.017565337957696894,6
pooled,0.312,0.33051009994929476,0.029005603055448047,0.5056862407775043,0.017565337957696894,6
pooled,0.314,0.33206095018991505,0.029364128199416667,0.5056862407775043,0.017565337957696894,6
pooled,0.316,0.3332005571272723,0.029497393731919078,0.5056862407775043,0.017565337957696894,6
pooled,0.318,0.33716558040272804,0.029397083908895515,0.5056862407775043,0.017565337957696894,6
pooled,0.32,0.33759089089294375,0.02966623527851036,0.5056862407775043,0.017565337957696894,6
pooled,0.322,0.3409756419100846,0.02989936663538251,0.5056862407775043,0.017565337957696894,6
pooled,0.324,0.34266478996678856,0.029929185323283404,0.5056862407775043,0.017565337957696894,6
pooled,0.326,0.346915762454469,0.03166742388004347,0.5056862407775043,0.017565337957696894,6
pooled,0.328,0.3483335011550252,0.03137797422489618,0.5056862407775043,0.017565337957696894,6
pooled,0.33,0.3499950603516848,0.029866919616990912,0.5056862407775043,0.017565337957696894,6
pooled,0.332,0.3523773220276843,0.03192386750080832,0.5056862407775043,0.017565337957696894,6
pooled,0.334,0.3536474980074134,0.03330625084581318,0.5056862407775043,0.017565337957696894,6
pooled,0.336,0.355324121502596,0.03205058489854688,0.5056862407775043,0.017565337957696894,6
pooled,0.338,0.3570213664319972,0.0325452736808227,0.5056862407775043,0.017565337957696894,6
pooled,0.34,0.3582830267287101,0.03162612531688285,0.5056862407775043,0.017565337957696894,6
pooled,0.342,0.35926990496425243,0.032047238315971865,0.5056862407775043,0.017565337957696894,6
pooled,0.34400000000000003,0.36111422745994887,0.03249345048859453,0.5056862407775043,0.017565337957696894,6
pooled,0.34600000000000003,0.36182011443985335,0.0332074796383293,0.5056862407775043,0.017565337957696894,6
pooled,0.34800000000000003,0.3639261871458361,0.03187476366979001,0.5056862407775043,0.017565337957696894,6
pooled,0.35000000000000003,0.3654633893074086,0.031082276386578154,0.5056862407775043,0.017565337957696894,6
pooled,0.352,0.36815340963733406,0.03209643430103563,0.5056862407775043,0.017565337957696894,6
pooled,0.354,0.36956021717138476,0.03140082730204254,0.5056862407775043,0.017565337957696894,6
pooled,0.356,0.3712675568631472,0.03184073098418555,0.5056862407775043,0.017565337957696894,6
pooled,0.358,0.3725488838445845,0.032101814034337935,0.5056862407775043,0.017565337957696894,6
pooled,0.36,0.37631263642275065,0.030679316671586843,0.5056862407775043,0.017565337957696894,6
pooled,0.362,0.379579974114534,0.03151826540938105,0.5056862407775043,0.017565337957696894,6
pooled,0.364,0.3804333378760478,0.031901604540317804,0.5056862407775043,0.017565337957696894,6
pooled,0.366,0.3822576411441923,0.030671208307382212,0.5056862407775043,0.017565337957696894,6
pooled,0.368,0.3850723336340349,0.031766465775008884,0.5056862407775043,0.017565337957696894,6
pooled,0.37,0.386064279800247,0.030844542507181997,0.5056862407775043,0.017565337957696894,6
pooled,0.372,0.38817349820621777,0.03032631163956754,0.5056862407775043,0.017565337957696894,6
pooled,0.374,0.3887428171481373,0.0305186303818908,0.5056862407775043,0.017565337957696894,6
pooled,0.376,0.3900213584097148,0.030189062315088267,0.5056862407775043,0.017565337957696894,6
pooled,0.378,0.3917161974919752,0.02974881432886557,0.5056862407775043,0.017565337957696894,6
pooled,0.38,0.393260707461085,0.0318042385341776,0.5056862407775043,0.017565337957696894,6
pooled,0.382,0.3945390058412732,0.03158988197326265,0.5056862407775043,0.017565337957696894,6
pooled,0.384,0.3962138033162928,0.0318260011204698,0.5056862407775043,0.017565337957696894,6
pooled,0.386,0.39776850955267545,0.030751622921227673,0.5056862407775043,0.017565337957696894,6
pooled,0.388,0.39930928029904217,0.03189117467641847,0.5056862407775043,0.017565337957696894,6
pooled,0.39,0.4012766479130209,0.03142991407230097,0.5056862407775043,0.017565337957696894,6
pooled,0.392,0.40426326968329174,0.03231681796877842,0.5056862407775043,0.017565337957696894,6
pooled,0.394,0.40649302711716223,0.03210066790884061,0.5056862407775043,0.017565337957696894,6
pooled,0.396,0.40859189141739166,0.031206752566630542,0.5056862407775043,0.017565337957696894,6
pooled,0.398,0.40999534462493076,0.031054752797529485,0.5056862407775043,0.017565337957696894,6
pooled,0.4,0.4105626186639215,0.03132286064995602,0.5056862407775043,0.017565337957696894,6
pooled,0.402,0.41211969275886995,0.03176772461328526,0.5056862407775043,0.017565337957696894,6
pooled,0.404,0.4130956049497354,0.0305810723352197,0.5056862407775043,0.017565337957696894,6
pooled,0.406,0.4135224689915344,0.03064105340365664,0.5056862407775043,0.017565337957696894,6
pooled,0.40800000000000003,0.4159431550636781,0.03153319171201273,0.5056862407775043,0.017565337957696894,6
pooled,0.41000000000000003,0.41750039353809876,0.03304251217814311,0.5056862407775043,0.017565337957696894,6
pooled,0.41200000000000003,0.42189026023911413,0.027600958753807196,0.5056862407775043,0.017565337957696894,6
pooled,0.41400000000000003,0.42411513379351334,0.0270625279537454,0.5056862407775043,0.017565337957696894,6
pooled,0.41600000000000004,0.42567735927125133,0.026390840776560173,0.5056862407775043,0.017565337957696894,6
pooled,0.418,0.4266599135034584,0.027190517761932695,0.5056862407775043,0.017565337957696894,6
pooled,0.42,0.4320509074735806,0.025575717786429326,0.5056862407775043,0.017565337957696894,6
pooled,0.422,0.4348894798112206,0.02565517736150013,0.5056862407775043,0.017565337957696894,6
pooled,0.424,0.43628767855872813,0.0267646226438558,0.5056862407775043,0.017565337957696894,6
pooled,0.426,0.43742079452582106,0.027563280945967963,0.5056862407775043,0.017565337957696894,6
pooled,0.428,0.4378470544594913,0.027452192816126857,0.5056862407775043,0.017565337957696894,6
pooled,0.43,0.43995104923923173,0.02707780273660041,0.5056862407775043,0.017565337957696894,6
pooled,0.432,0.4418996257927575,0.027419434877462345,0.5056862407775043,0.017565337957696894,6
pooled,0.434,0.4435661620156077,0.026553968896880973,0.5056862407775043,0.017565337957696894,6
pooled,0.436,0.44625560223602817,0.02587744134973055,0.5056862407775043,0.017565337957696894,6
pooled,0.438,0.4473948442279958,0.02610208252221036,0.5056862407775043,0.017565337957696894,6
pooled,0.44,0.4517668873257365,0.028909230301646084,0.5056862407775043,0.017565337957696894,6
pooled,0.442,0.4538980564820994,0.02955530010061191,0.5056862407775043,0.017565337957696894,6
pooled,0.444,0.455711272590592,0.029611680800952465,0.5056862407775043,0.017565337957696894,6
pooled,0.446,0.45812771750327347,0.029221017832666337,0.5056862407775043,0.017565337957696894,6
pooled,0.448,0.4596929666169993,0.029703055422697605,0.5056862407775043,0.017565337957696894,6
pooled,0.45,0.46295681371357905,0.03068073614742475,0.5056862407775043,0.017565337957696894,6
pooled,0.452,0.46393424986883725,0.03045969962430804,0.5056862407775043,0.017565337957696894,6
pooled,0.454,0.46531846952105366,0.029032322825988065,0.5056862407775043,0.017565337957696894,6
pooled,0.456,0.4667387700468384,0.029832856648995335,0.5056862407775043,0.017565337957696894,6
pooled,0.458,0.4681455290069407,0.029701291137156322,0.5056862407775043,0.017565337957696894,6
pooled,0.46,0.4705338049034687,0.028279151997460242,0.5056862407775043,0.017565337957696894,6
pooled,0.462,0.4720882486333396,0.028318785417164146,0.5056862407775043,0.017565337957696894,6
pooled,0.464,0.4743621165819003,0.028276788776759654,0.5056862407775043,0.017565337957696894,6
pooled,0.466,0.4765860217060868,0.027532537043466365,0.5056862407775043,0.017565337957696894,6
pooled,0.468,0.4782927579130261,0.027897410555892375,0.5056862407775043,0.017565337957696894,6
pooled,0.47000000000000003,0.481252272867381,0.0283551124770553,0.5056862407775043,0.017565337957696894,6
pooled,0.47200000000000003,0.4823749213486443,0.028802479687536423,0.5056862407775043,0.017565337957696894,6
pooled,0.47400000000000003,0.48322744121598493,0.02865494648712371,0.5056862407775043,0.017565337957696894,6
pooled,0.47600000000000003,0.48685568480833075,0.026045848017622823,0.5056862407775043,0.017565337957696894,6
pooled,0.47800000000000004,0.48882413323698154,0.02517191349734524,0.5056862407775043,0.017565337957696894,6
pooled,0.48,0.49080338704948717,0.024948720908633672,0.5056862407775043,0.017565337957696894,6
pooled,0.482,0.4917984991490563,0.025615841315627226,0.5056862407775043,0.017565337957696894,6
pooled,0.484,0.4941770026155548,0.02569049180714152,0.5056862407775043,0.017565337957696894,6
pooled,0.486,0.4957195467487075,0.025645334557059248,0.5056862407775043,0.017565337957696894,6
pooled,0.488,0.4991199007957825,0.026164842059832574,0.5056862407775043,0.017565337957696894,6
pooled,0.49,0.501907296504224,0.025361410981667217,0.5056862407775043,0.017565337957696894,6
pooled,0.492,0.5030432657669422,0.02461668124657928,0.5056862407775043,0.017565337957696894,6
pooled,0.494,0.5051381986798958,0.024744472636538225,0.5056862407775043,0.017565337957696894,6
pooled,0.496,0.5068437254239669,0.024257710312397245,0.5056862407775043,0.017565337957696894,6
pooled,0.498,0.5082605834883863,0.024182852395261464,0.5056862407775043,0.017565337957696894,6
pooled,0.5,0.5093962030738224,0.024667314517651678,0.5056862407775043,0.017565337957696894,6
pooled,0.502,0.5099650312877019,0.025205562024487687,0.5056862407775043,0.017565337957696894,6
pooled,0.504,0.5121801672470505,0.02461580093160429,0.5056862407775043,0.017565337957696894,6
pooled,0.506,0.5141475208395324,0.02417306715365195,0.5056862407775043,0.017565337957696894,6
pooled,0.508,0.5158491529910197,0.024674434355817034,0.5056862407775043,0.017565337957696894,6
pooled,0.51,0.5179653481882843,0.024261899732104974,0.5056862407775043,0.017565337957696894,6
pooled,0.512,0.5198090021104904,0.024155204536289606,0.5056862407775043,0.017565337957696894,6
pooled,0.514,0.5207879385606492,0.02413769436203741,0.5056862407775043,0.017565337957696894,6
pooled,0.516,0.5220660326562695,0.024923744376080862,0.5056862407775043,0.017565337957696894,6
pooled,0.518,0.5234679771675237,0.02474755979269282,0.5056862407775043,0.017565337957696894,6
pooled,0.52,0.5260200646267551,0.02563421028822229,0.5056862407775043,0.017565337957696894,6
pooled,0.522,0.5278383063353868,0.025428141392681076,0.5056862407775043,0.017565337957696894,6
pooled,0.524,0.5294898346117415,0.02485415293929599,0.5056862407775043,0.017565337957696894,6
pooled,0.526,0.5343970818997295,0.021529253337134385,0.5056862407775043,0.017565337957696894,6
pooled,0.528,0.5356784045392109,0.02235081196700232,0.5056862407775043,0.017565337957696894,6
pooled,0.53,0.5380846142470197,0.023269385073047953,0.5056862407775043,0.017565337957696894,6
pooled,0.532,0.539216177285835,0.02393541002880992,0.5056862407775043,0.017565337957696894,6
pooled,0.534,0.5409036154720899,0.02262450130816948,0.5056862407775043,0.017565337957696894,6
pooled,0.536,0.5435425912139441,0.021245997153787256,0.5056862407775043,0.017565337957696894,6
pooled,0.538,0.545238296613259,0.021940356879753445,0.5056862407775043,0.017565337957696894,6
pooled,0.54,0.5456586067485701,0.021705425609155442,0.5056862407775043,0.017565337957696894,6
pooled,0.542,0.549582808732121,0.02252753692355828,0.5056862407775043,0.017565337957696894,6
pooled,0.544,0.5505754957152641,0.02241092765626358,0.5056862407775043,0.017565337957696894,6
pooled,0.546,0.5519894316767405,0.023430567978218107,0.5056862407775043,0.017565337957696894,6
pooled,0.548,0.5549584886405489,0.02230276336001546,0.5056862407775043,0.017565337957696894,6
pooled,0.55,0.556353362307957,0.022340813636242973,0.5056862407775043,0.017565337957696894,6
pooled,0.552,0.5574718125685356,0.022516052891250384,0.5056862407775043,0.017565337957696894,6
pooled,0.554,0.559987230596705,0.02209537389852321,0.5056862407775043,0.017565337957696894,6
pooled,0.556,0.5624065863885913,0.022421626642688344,0.5056862407775043,0.017565337957696894,6
pooled,0.558,0.5633963901631994,0.021566037127525566,0.5056862407775043,0.017565337957696894,6
pooled,0.56,0.565342849852883,0.021750992718347194,0.5056862407775043,0.017565337957696894,6
pooled,0.562,0.5667622544744231,0.022784057099996608,0.5056862407775043,0.017565337957696894,6
pooled,0.5640000000000001,0.5673270059083125,0.0227417559484478,0.5056862407775043,0.017565337957696894,6
pooled,0.5660000000000001,0.5687427654179126,0.022725264269107197,0.5056862407775043,0.017565337957696894,6
pooled,0.5680000000000001,0.5710012548544762,0.02035845478359687,0.5056862407775043,0.017565337957696894,6
pooled,0.5700000000000001,0.5725450451924609,0.0196732871922558,0.5056862407775043,0.017565337957696894,6
pooled,0.5720000000000001,0.5757871323421792,0.02067255465425888,0.5056862407775043,0.017565337957696894,6
pooled,0.5740000000000001,0.5764954052183827,0.020362028537488558,0.5056862407775043,0.017565337957696894,6
pooled,0.5760000000000001,0.5784745509883847,0.021456740380045906,0.5056862407775043,0.017565337957696894,6
pooled,0.578,0.5807285326995457,0.02067877839933035,0.5056862407775043,0.017565337957696894,6
pooled,0.58,0.5840443710142486,0.020122327274891952,0.5056862407775043,0.017565337957696894,6
pooled,0.582,0.5861772500561194,0.01955494025241392,0.5056862407775043,0.017565337957696894,6
pooled,0.584,0.5871637480781643,0.018833487003323587,0.5056862407775043,0.017565337957696894,6
pooled,0.586,0.5903795068766945,0.020607821368212775,0.5056862407775043,0.017565337957696894,6
pooled,0.588,0.5932002164430754,0.021842649082395565,0.5056862407775043,0.017565337957696894,6
pooled,0.59,0.5950357003433108,0.02245668262665856,0.5056862407775043,0.017565337957696894,6
pooled,0.592,0.5963032273119825,0.023267464919316114,0.5056862407775043,0.017565337957696894,6
pooled,0.594,0.5978681164455801,0.02373028187636333,0.5056862407775043,0.017565337957696894,6
pooled,0.596,0.59955301241667,0.021458495946880936,0.5056862407775043,0.017565337957696894,6
pooled,0.598,0.6008252542026067,0.02148551325759,0.5056862407775043,0.017565337957696894,6
pooled,0.6,0.6030936531037215,0.02247583674935,0.5056862407775043,0.017565337957696894,6
pooled,0.602,0.6066431838407871,0.02218589680732871,0.5056862407775043,0.017565337957696894,6
pooled,0.604,0.6081828398001432,0.02265378313286843,0.5056862407775043,0.017565337957696894,6
pooled,0.606,0.6086098259059424,0.022815102168595888,0.5056862407775043,0.017565337957696894,6
pooled,0.608,0.6115702152379577,0.024856455097210562,0.5056862407775043,0.017565337957696894,6
pooled,0.61,0.6122789555134874,0.02391098369697391,0.5056862407775043,0.017565337957696894,6
pooled,0.612,0.6167194140631088,0.02329315799123515,0.5056862407775043,0.017565337957696894,6
pooled,0.614,0.618846858997368,0.021667626683864908,0.5056862407775043,0.017565337957696894,6
pooled,0.616,0.6213841966746597,0.019737668928492047,0.5056862407775043,0.017565337957696894,6
pooled,0.618,0.6222325877519388,0.019387167497148635,0.5056862407775043,0.017565337957696894,6
pooled,0.62,0.622659330353043,0.019676943263001987,0.5056862407775043,0.017565337957696894,6
pooled,0.622,0.624343473089581,0.020679339887143048,0.5056862407775043,0.017565337957696894,6
pooled,0.624,0.6256162588602403,0.01964558992833042,0.5056862407775043,0.017565337957696894,6
pooled,0.626,0.6295909050889883,0.021792151370313175,0.5056862407775043,0.017565337957696894,6
pooled,0.628,0.6312935492478299,0.020402906651922036,0.5056862407775043,0.017565337957696894,6
pooled,0.63,0.6351226882591118,0.021639434647924036,0.5056862407775043,0.017565337957696894,6
pooled,0.632,0.6365367612269768,0.020383266274430278,0.5056862407775043,0.017565337957696894,6
pooled,0.634,0.6378064159424502,0.019334427431443202,0.5056862407775043,0.017565337957696894,6
pooled,0.636,0.6406305222186016,0.020478487419516554,0.5056862407775043,0.017565337957696894,6
pooled,0.638,0.6413421646894243,0.021574054844523072,0.5056862407775043,0.017565337957696894,6
pooled,0.64,0.6445907895250859,0.02256169957022577,0.5056862407775043,0.017565337957696894,6
pooled,0.642,0.6475608457961005,0.024336378997836035,0.5056862407775043,0.017565337957696894,6
pooled,0.644,0.650637538244342,0.024183849649868687,0.5056862407775043,0.017565337957696894,6
pooled,0.646,0.6513461570791769,0.0232230359779803,0.5056862407775043,0.017565337957696894,6
pooled,0.648,0.6567456769769106,0.026087045570053622,0.5056862407775043,0.017565337957696894,6
pooled,0.65,0.6597104532169394,0.026330545989818863,0.5056862407775043,0.017565337957696894,6
pooled,0.652,0.6618118721348959,0.025680276476249903,0.5056862407775043,0.017565337957696894,6
pooled,0.654,0.663219327056631,0.026432644810223477,0.5056862407775043,0.017565337957696894,6
pooled,0.656,0.6642108058235169,0.026116248961744984,0.5056862407775043,0.017565337957696894,6
pooled,0.658,0.6674694332272569,0.027675667085030876,0.5056862407775043,0.017565337957696894,6
pooled,0.66,0.6690320351998421,0.027852683612751554,0.5056862407775043,0.017565337957696894,6
pooled,0.662,0.671286903120648,0.02899818245748762,0.5056862407775043,0.017565337957696894,6
pooled,0.664,0.6722841765985793,0.02978541102145076,0.5056862407775043,0.017565337957696894,6
pooled,0.666,0.6755466646657572,0.03227645771193996,0.5056862407775043,0.017565337957696894,6
pooled,0.668,0.6773928570844778,0.03252605574671406,0.5056862407775043,0.017565337957696894,6
pooled,0.67,0.6816910926892162,0.0298301917164643,0.5056862407775043,0.017565337957696894,6
pooled,0.672,0.6828287522123198,0.030653111585404163,0.5056862407775043,0.017565337957696894,6
pooled,0.674,0.6831119581030024,0.030187575613406247,0.5056862407775043,0.017565337957696894,6
pooled,0.676,0.685346506657007,0.0295715909445697,0.5056862407775043,0.017565337957696894,6
pooled,0.678,0.6873006001620174,0.028922580154332904,0.5056862407775043,0.017565337957696894,6
pooled,0.68,0.6912677143745243,0.0281279196834223,0.5056862407775043,0.017565337957696894,6
pooled,0.682,0.6924018981304215,0.02833928894329251,0.5056862407775043,0.017565337957696894,6
pooled,0.684,0.6929710912896906,0.028308548279695957,0.5056862407775043,0.017565337957696894,6
pooled,0.686,0.6938069736968616,0.02781558610082825,0.5056862407775043,0.017565337957696894,6
pooled,0.6880000000000001,0.694369733767032,0.027909020658196355,0.5056862407775043,0.017565337957696894,6
pooled,0.6900000000000001,0.6953541912281042,0.027525355625008328,0.5056862407775043,0.017565337957696894,6
pooled,0.6920000000000001,0.6966341885525896,0.027324277856871148,0.5056862407775043,0.017565337957696894,6
pooled,0.6940000000000001,0.6992452982830856,0.026340342881483212,0.5056862407775043,0.017565337957696894,6
pooled,0.6960000000000001,0.7003722209471245,0.027133053353746404,0.5056862407775043,0.017565337957696894,6
pooled,0.6980000000000001,0.7013629361766123,0.027515330246754875,0.5056862407775043,0.017565337957696894,6
pooled,0.7000000000000001,0.7016449491191454,0.02735012113020131,0.5056862407775043,0.017565337957696894,6
pooled,0.7020000000000001,0.7042018395304955,0.0277171097060877,0.5056862407775043,0.017565337957696894,6
pooled,0.704,0.705883341939888,0.0279220892222625,0.5056862407775043,0.017565337957696894,6
pooled,0.706,0.7060249448852293,0.02766928112815035,0.5056862407775043,0.017565337957696894,6
pooled,0.708,0.7097768003537753,0.02455904902915012,0.5056862407775043,0.017565337957696894,6
pooled,0.71,0.7113301626141233,0.024191805394154088,0.5056862407775043,0.017565337957696894,6
pooled,0.712,0.7136853921992224,0.024794859250486266,0.5056862407775043,0.017565337957696894,6
pooled,0.714,0.7141123783050217,0.024709581916757352,0.5056862407775043,0.017565337957696894,6
pooled,0.716,0.717507894800922,0.026114414473203153,0.5056862407775043,0.017565337957696894,6
pooled,0.718,0.7187872799566727,0.025415819879978478,0.5056862407775043,0.017565337957696894,6
pooled,0.72,0.7209095962135507,0.02488844249956997,0.5056862407775043,0.017565337957696894,6
pooled,0.722,0.7224363878646264,0.02412254719271065,0.5056862407775043,0.017565337957696894,6
pooled,0.724,0.7241267245275241,0.024273358402055186,0.5056862407775043,0.017565337957696894,6
pooled,0.726,0.7254011270685171,0.025362435644530355,0.5056862407775043,0.017565337957696894,6
pooled,0.728,0.7265406082232239,0.025450499910240246,0.5056862407775043,0.017565337957696894,6
pooled,0.73,0.7305130057979845,0.026745490619069792,0.5056862407775043,0.017565337957696894,6
pooled,0.732,0.7317634914234971,0.02616935021624526,0.5056862407775043,0.017565337957696894,6
pooled,0.734,0.7339847525018875,0.02570503582588377,0.5056862407775043,0.017565337957696894,6
pooled,0.736,0.7348309280382891,0.026069872655746503,0.5056862407775043,0.017565337957696894,6
pooled,0.738,0.7358277145068306,0.027094578754251225,0.5056862407775043,0.017565337957696894,6
pooled,0.74,0.7375329983695124,0.02679951452740272,0.5056862407775043,0.017565337957696894,6
pooled,0.742,0.7398030293241277,0.026716533407581816,0.5056862407775043,0.017565337957696894,6
pooled,0.744,0.7415061897819634,0.028259395615264048,0.5056862407775043,0.017565337957696894,6
pooled,0.746,0.7459014737562603,0.02440498317383111,0.5056862407775043,0.017565337957696894,6
pooled,0.748,0.7467556931912037,0.02479798594512466,0.5056862407775043,0.017565337957696894,6
pooled,0.75,0.7498639096204748,0.021833734860888736,0.5056862407775043,0.017565337957696894,6
pooled,0.752,0.7517020615335843,0.019820561621714427,0.5056862407775043,0.017565337957696894,6
pooled,0.754,0.7535273435347877,0.021295352720224744,0.5056862407775043,0.017565337957696894,6
pooled,0.756,0.7550742394001966,0.021259174507617537,0.5056862407775043,0.017565337957696894,6
pooled,0.758,0.7577049470080994,0.021614356498984272,0.5056862407775043,0.017565337957696894,6
pooled,0.76,0.7589619828214492,0.021005932638710888,0.5056862407775043,0.017565337957696894,6
pooled,0.762,0.760229631854121,0.021400473255365832,0.5056862407775043,0.017565337957696894,6
pooled,0.764,0.7617878683610035,0.019128999562911444,0.5056862407775043,0.017565337957696894,6
pooled,0.766,0.7634604801648633,0.019144205835966977,0.5056862407775043,0.017565337957696894,6
pooled,0.768,0.7664330225438732,0.01760793985319173,0.5056862407775043,0.017565337957696894,6
pooled,0.77,0.7702432627648438,0.015284159433014463,0.5056862407775043,0.017565337957696894,6
pooled,0.772,0.7722094075177629,0.015396714031765044,0.5056862407775043,0.017565337957696894,6
pooled,0.774,0.7737732257672113,0.015102436803593017,0.5056862407775043,0.017565337957696894,6
pooled,0.776,0.7765971498559566,0.015434787063975561,0.5056862407775043,0.017565337957696894,6
pooled,0.778,0.7775918817420285,0.01515606279124736,0.5056862407775043,0.017565337957696894,6
pooled,0.78,0.7802751715981726,0.016705463161964897,0.5056862407775043,0.017565337957696894,6
pooled,0.782,0.7826776956806993,0.01590243030789267,0.5056862407775043,0.017565337957696894,6
pooled,0.784,0.7845125723774613,0.01427739777989052,0.5056862407775043,0.017565337957696894,6
pooled,0.786,0.7868981759342181,0.01307218985814231,0.5056862407775043,0.017565337957696894,6
pooled,0.788,0.7880348853905615,0.015044930022639999,0.5056862407775043,0.017565337957696894,6
pooled,0.79,0.7909946618407404,0.01441487230417177,0.5056862407775043,0.017565337957696894,6
pooled,0.792,0.792557514755321,0.015397995864869922,0.5056862407775043,0.017565337957696894,6
pooled,0.794,0.7938331831112097,0.01666436235793485,0.5056862407775043,0.017565337957696894,6
pooled,0.796,0.7974967665303937,0.014163019085903514,0.5056862407775043,0.017565337957696894,6
pooled,0.798,0.7989122610087147,0.014534397933785958,0.5056862407775043,0.017565337957696894,6
pooled,0.8,0.8014573567493227,0.014800065674151937,0.5056862407775043,0.017565337957696894,6
pooled,0.802,0.8020253416923347,0.014602372085321369,0.5056862407775043,0.017565337957696894,6
pooled,0.804,0.8024469858265535,0.014579480694314384,0.5056862407775043,0.017565337957696894,6
pooled,0.806,0.8048513072478857,0.01394066597609344,0.5056862407775043,0.017565337957696894,6
pooled,0.808,0.8071074017634602,0.014370858961860767,0.5056862407775043,0.017565337957696894,6
pooled,0.81,0.8096569616523288,0.016044382811067712,0.5056862407775043,0.017565337957696894,6
pooled,0.812,0.8117466008851236,0.01587157888129742,0.5056862407775043,0.017565337957696894,6
pooled,0.8140000000000001,0.8146922074118857,0.01653418314348159,0.5056862407775043,0.017565337957696894,6
pooled,0.8160000000000001,0.8165099480896308,0.014918839088246191,0.5056862407775043,0.017565337957696894,6
pooled,0.8180000000000001,0.8197580358223516,0.013810847113579884,0.5056862407775043,0.017565337957696894,6
pooled,0.8200000000000001,0.8203259183114269,0.014208273060586862,0.5056862407775043,0.017565337957696894,6
pooled,0.8220000000000001,0.8234216444189834,0.01629597615468926,0.5056862407775043,0.017565337957696894,6
pooled,0.8240000000000001,0.8253474873571824,0.01518762576821763,0.5056862407775043,0.017565337957696894,6
pooled,0.8260000000000001,0.8297036944775343,0.01325950246840125,0.5056862407775043,0.017565337957696894,6
pooled,0.8280000000000001,0.831678510624089,0.013844453811260126,0.5056862407775043,0.017565337957696894,6
pooled,0.8300000000000001,0.8333655838649543,0.01302545079184866,0.5056862407775043,0.017565337957696894,6
pooled,0.8320000000000001,0.8354844044037842,0.012934410310446629,0.5056862407775043,0.017565337957696894,6
pooled,0.834,0.8377279319807025,0.012894120869799236,0.5056862407775043,0.017565337957696894,6
pooled,0.836,0.8392675393661103,0.013237477499752195,0.5056862407775043,0.017565337957696894,6
pooled,0.838,0.8418164658572459,0.013992551054055141,0.5056862407775043,0.017565337957696894,6
pooled,0.84,0.8436564042262013,0.014439186037779323,0.5056862407775043,0.017565337957696894,6
pooled,0.842,0.8447879968522071,0.014158241056032013,0.5056862407775043,0.017565337957696894,6
pooled,0.844,0.8473490726881735,0.015670476316774946,0.5056862407775043,0.017565337957696894,6
pooled,0.846,0.8481953696652696,0.01642653156295017,0.5056862407775043,0.017565337957696894,6
pooled,0.848,0.8501835576453911,0.017143317815378072,0.5056862407775043,0.017565337957696894,6
pooled,0.85,0.8524585319795778,0.016897051443934268,0.5056862407775043,0.017565337957696894,6
pooled,0.852,0.8531645902207364,0.01650108696881342,0.5056862407775043,0.017565337957696894,6
pooled,0.854,0.8537184104881202,0.0163612607445599,0.5056862407775043,0.017565337957696894,6
pooled,0.856,0.8551395187832959,0.017697382114678754,0.5056862407775043,0.017565337957696894,6
pooled,0.858,0.8575452115688051,0.018381119862743954,0.5056862407775043,0.017565337957696894,6
pooled,0.86,0.8599314578305121,0.017914217971175588,0.5056862407775043,0.017565337957696894,6
pooled,0.862,0.8613494063891443,0.018798877576311795,0.5056862407775043,0.017565337957696894,6
pooled,0.864,0.8620608059785776,0.018976500084680218,0.5056862407775043,0.017565337957696894,6
pooled,0.866,0.8638862337132734,0.01982005166036034,0.5056862407775043,0.017565337957696894,6
pooled,0.868,0.8666913520817049,0.021066266963416822,0.5056862407775043,0.017565337957696894,6
pooled,0.87,0.8682504355781054,0.02147555697572559,0.5056862407775043,0.017565337957696894,6
pooled,0.872,0.8695028101134001,0.021379023724028563,0.5056862407775043,0.017565337957696894,6
pooled,0.874,0.8717734305313418,0.021117608270168346,0.5056862407775043,0.017565337957696894,6
pooled,0.876,0.874456481565525,0.022279058065326554,0.5056862407775043,0.017565337957696894,6
pooled,0.878,0.8779667877986324,0.021538807719284167,0.5056862407775043,0.017565337957696894,6
pooled,0.88,0.8803825106513418,0.01842415019030555,0.5056862407775043,0.017565337957696894,6
pooled,0.882,0.8819483688384576,0.0186621130106398,0.5056862407775043,0.017565337957696894,6
pooled,0.884,0.8854519991010771,0.018228780749540208,0.5056862407775043,0.017565337957696894,6
pooled,0.886,0.887129596615039,0.017926028849354646,0.5056862407775043,0.017565337957696894,6
pooled,0.888,0.8908017943415466,0.019747617977760434,0.5056862407775043,0.017565337957696894,6
pooled,0.89,0.8930514722827412,0.01904286617358135,0.5056862407775043,0.017565337957696894,6
pooled,0.892,0.8941820662680384,0.019567807402403763,0.5056862407775043,0.017565337957696894,6
pooled,0.894,0.8964316859872891,0.01901525392771798,0.5056862407775043,0.017565337957696894,6
pooled,0.896,0.8975456714763016,0.018312587834794433,0.5056862407775043,0.017565337957696894,6
pooled,0.898,0.8989145827019946,0.017262894104479325,0.5056862407775043,0.017565337957696894,6
pooled,0.9,0.9026086443804475,0.01850897226403365,0.5056862407775043,0.017565337957696894,6
pooled,0.902,0.9030363603770257,0.018998676007839145,0.5056862407775043,0.017565337957696894,6
pooled,0.904,0.9042916028527479,0.01900764397268254,0.5056862407775043,0.017565337957696894,6
pooled,0.906,0.907648754409412,0.019570276087795012,0.5056862407775043,0.017565337957696894,6
pooled,0.908,0.909641242440849,0.020132291888931547,0.5056862407775043,0.017565337957696894,6
pooled,0.91,0.9104912549711962,0.02053876513740739,0.5056862407775043,0.017565337957696894,6
pooled,0.912,0.9126153872711104,0.021903653875640968,0.5056862407775043,0.017565337957696894,6
pooled,0.914,0.9145920004739431,0.02217994743767662,0.5056862407775043,0.017565337957696894,6
pooled,0.916,0.9175553894583813,0.023322673122274765,0.5056862407775043,0.017565337957696894,6
pooled,0.918,0.9209521733599786,0.021642559019041097,0.5056862407775043,0.017565337957696894,6
pooled,0.92,0.9213786767983438,0.0218762471801496,0.5056862407775043,0.017565337957696894,6
pooled,0.922,0.9229041008038928,0.020986380200466094,0.5056862407775043,0.017565337957696894,6
pooled,0.924,0.9254396862802047,0.02121839069446158,0.5056862407775043,0.017565337957696894,6
pooled,0.926,0.9286581635786663,0.019945993238265715,0.5056862407775043,0.017565337957696894,6
pooled,0.928,0.9300768713327408,0.02058215068008901,0.5056862407775043,0.017565337957696894,6
pooled,0.93,0.9321816891499797,0.01948075595428956,0.5056862407775043,0.017565337957696894,6
pooled,0.932,0.9330271877115064,0.01984305504166128,0.5056862407775043,0.017565337957696894,6
pooled,0.934,0.934291150778118,0.020311613724103388,0.5056862407775043,0.017565337957696894,6
pooled,0.936,0.936932741261105,0.019799216242829716,0.5056862407775043,0.017565337957696894,6
pooled,0.9380000000000001,0.9387813195761248,0.018140561435354793,0.5056862407775043,0.017565337957696894,6
pooled,0.9400000000000001,0.9397765531163885,0.018665228941583206,0.5056862407775043,0.017565337957696894,6
pooled,0.9420000000000001,0.9414662813292017,0.017242242960630972,0.5056862407775043,0.017565337957696894,6
pooled,0.9440000000000001,0.9441391980928464,0.014131524189869925,0.5056862407775043,0.017565337957696894,6
pooled,0.9460000000000001,0.9461275804270127,0.015146023666496831,0.5056862407775043,0.017565337957696894,6
pooled,0.9480000000000001,0.9483949031529972,0.015781191924250128,0.5056862407775043,0.017565337957696894,6
pooled,0.9500000000000001,0.9496515777396078,0.015081230617872197,0.5056862407775043,0.017565337957696894,6
pooled,0.9520000000000001,0.9528253500515991,0.01405598662954095,0.5056862407775043,0.017565337957696894,6
pooled,0.9540000000000001,0.9567829153879295,0.015358643795600063,0.5056862407775043,0.017565337957696894,6
pooled,0.9560000000000001,0.9580619545850486,0.014981358327344603,0.5056862407775043,0.017565337957696894,6
pooled,0.9580000000000001,0.9597630604604147,0.015595332692084685,0.5056862407775043,0.017565337957696894,6
pooled,0.96,0.9637034319492904,0.01251367630865095,0.5056862407775043,0.017565337957696894,6
pooled,0.962,0.9667962032432356,0.010293807806811425,0.5056862407775043,0.017565337957696894,6
pooled,0.964,0.9696371188641164,0.00827653011482065,0.5056862407775043,0.017565337957696894,6
pooled,0.966,0.9711928969336733,0.009140403129974635,0.5056862407775043,0.017565337957696894,6
pooled,0.968,0.9716177057696971,0.00902740266028972,0.5056862407775043,0.017565337957696894,6
pooled,0.97,0.9724601657528478,0.009939674221574917,0.5056862407775043,0.017565337957696894,6
pooled,0.972,0.9752368535661097,0.008886446657557084,0.5056862407775043,0.017565337957696894,6
pooled,0.974,0.9762333965299562,0.009912731177738965,0.5056862407775043,0.017565337957696894,6
pooled,0.976,0.9791577700770705,0.0093665602385877,0.5056862407775043,0.017565337957696894,6
pooled,0.978,0.9811284250801598,0.008224049969199313,0.5056862407775043,0.017565337957696894,6
pooled,0.98,0.9819796159138542,0.007693584867507766,0.5056862407775043,0.017565337957696894,6
pooled,0.982,0.9835338061769621,0.00812785094805687,0.5056862407775043,0.017565337957696894,6
pooled,0.984,0.9842253195289956,0.008048983979126968,0.5056862407775043,0.017565337957696894,6
pooled,0.986,0.9867829890283789,0.006545583526331438,0.5056862407775043,0.017565337957696894,6
pooled,0.988,0.9891876477244308,0.004266526019514881,0.5056862407775043,0.017565337957696894,6
pooled,0.99,0.9907010494459559,0.0033970073801393107,0.5056862407775043,0.017565337957696894,6
pooled,0.992,0.9921202245993564,0.003434551703114584,0.5056862407775043,0.017565337957696894,6
pooled,0.994,0.9940910010431404,0.002804054377960241,0.5056862407775043,0.017565337957696894,6
pooled,0.996,0.9967824983392526,0.0022212817265659635,0.5056862407775043,0.017565337957696894,6
pooled,0.998,0.9983406520022621,0.0021767936549926563,0.5056862407775043,0.017565337957696894,6
pooled,1.0,1.0,0.0,0.5056862407775043,0.017565337957696894,6
