{
  "friendly": {
    "intra": 1.96590994865688,
    "inter": 5.026911099171121,
    "nn": 1.6439821507410017,
    "ids": [
      "S0204_1",
      "S0148_1",
      "S0197_1",
      "S0168_1",
      "S0210_2",
      "S0200_1",
      "S0165_2",
      "S0205_1",
      "S0205_2",
      "S0136_1"
    ]
  },
  "hard": {
    "intra": 12.999380107356089,
    "inter": 12.75505770728183,
    "nn": 9.597995189347175,
    "ids": [
      "S0178_2",
      "S0120_1",
      "S0120_2",
      "S0206_1",
      "S0186_2",
      "S0134_2",
      "S0154_2",
      "S0181_1",
      "S0154_1",
      "S0191_2"
    ]
  }
}