{
  "friendly": {
    "intra": 1.9659099286419104,
    "inter": 5.026911147027111,
    "nn": 1.6439821441832752,
    "ids": [
      "S0204_1",
      "S0148_1",
      "S0197_1",
      "S0210_2",
      "S0200_1",
      "S0165_2",
      "S0205_1",
      "S0205_2",
      "S0136_1",
      "S0168_1"
    ]
  },
  "hard": {
    "intra": 12.999380490734438,
    "inter": 12.75505782552072,
    "nn": 9.5979952140483,
    "ids": [
      "S0120_1",
      "S0120_2",
      "S0134_2",
      "S0181_1",
      "S0178_2",
      "S0206_1",
      "S0186_2",
      "S0191_2",
      "S0154_2",
      "S0154_1"
    ]
  }
}