{
  "friendly": {
    "intra": 0.022856757827764505,
    "inter": 0.0515698635669996,
    "nn": 0.006845310792436154,
    "ids": [
      "S0169_1",
      "S0207_2",
      "S0204_1",
      "S0185_1",
      "S0196_2",
      "S0194_2",
      "S0199_1",
      "S0200_1",
      "S0190_2",
      "S0171_2"
    ]
  },
  "hard": {
    "intra": 0.08047538415965295,
    "inter": 0.12446975175847456,
    "nn": 0.04003040190466887,
    "ids": [
      "S0178_2",
      "S0120_1",
      "S0120_2",
      "S0156_1",
      "S0135_2",
      "S0206_1",
      "S0209_1",
      "S0154_2",
      "S0154_1",
      "S0213_2"
    ]
  }
}