{
  "friendly": {
    "intra": 0.02285668585035536,
    "inter": 0.051569846853033285,
    "nn": 0.006845295429229736,
    "ids": [
      "S0204_1",
      "S0171_2",
      "S0207_2",
      "S0196_2",
      "S0199_1",
      "S0200_1",
      "S0169_1",
      "S0185_1",
      "S0194_2",
      "S0190_2"
    ]
  },
  "hard": {
    "intra": 0.08047538333468968,
    "inter": 0.12446976156977864,
    "nn": 0.04003044366836548,
    "ids": [
      "S0120_1",
      "S0120_2",
      "S0135_2",
      "S0178_2",
      "S0156_1",
      "S0206_1",
      "S0209_1",
      "S0213_2",
      "S0154_2",
      "S0154_1"
    ]
  }
}