{
  "friendly": {
    "intra": 0.11748642364232184,
    "inter": 0.22114528351801072,
    "nn": 0.07356406879448453,
    "ids": [
      "S0116_2",
      "S0204_1",
      "S0199_1",
      "S0165_1",
      "S0168_1",
      "S0200_1",
      "S0113_1",
      "S0190_2",
      "S0210_1",
      "S0155_2"
    ]
  },
  "hard": {
    "intra": 0.40998553665906406,
    "inter": 0.4408053062174787,
    "nn": 0.2849439186355057,
    "ids": [
      "S0178_2",
      "S0120_1",
      "S0120_2",
      "S0135_2",
      "S0206_1",
      "S0186_2",
      "S0209_1",
      "S0154_2",
      "S0154_1",
      "S0186_1"
    ]
  }
}