{
  "mmd": {
    "friendly": {
      "intra": 0.022856757827764505,
      "inter": 0.0515698635669996,
      "nn": 0.006845310792436154,
      "ids": [
        "S0169_1",
        "S0207_2",
        "S0204_1",
        "S0185_1",
        "S0196_2",
        "S0194_2",
        "S0199_1",
        "S0200_1",
        "S0190_2",
        "S0171_2"
      ]
    },
    "hard": {
      "intra": 0.08047538415965295,
      "inter": 0.12446975175847456,
      "nn": 0.04003040190466887,
      "ids": [
        "S0178_2",
        "S0120_1",
        "S0120_2",
        "S0156_1",
        "S0135_2",
        "S0206_1",
        "S0209_1",
        "S0154_2",
        "S0154_1",
        "S0213_2"
      ]
    }
  },
  "wasserstein": {
    "friendly": {
      "intra": 0.11748642364232184,
      "inter": 0.22114528351801072,
      "nn": 0.07356406879448453,
      "ids": [
        "S0116_2",
        "S0204_1",
        "S0199_1",
        "S0165_1",
        "S0168_1",
        "S0200_1",
        "S0113_1",
        "S0190_2",
        "S0210_1",
        "S0155_2"
      ]
    },
    "hard": {
      "intra": 0.40998553665906406,
      "inter": 0.4408053062174787,
      "nn": 0.2849439186355057,
      "ids": [
        "S0178_2",
        "S0120_1",
        "S0120_2",
        "S0135_2",
        "S0206_1",
        "S0186_2",
        "S0209_1",
        "S0154_2",
        "S0154_1",
        "S0186_1"
      ]
    }
  },
  "dtw": {
    "friendly": {
      "intra": 1.96590994865688,
      "inter": 5.026911099171121,
      "nn": 1.6439821507410017,
      "ids": [
        "S0204_1",
        "S0148_1",
        "S0197_1",
        "S0168_1",
        "S0210_2",
        "S0200_1",
        "S0165_2",
        "S0205_1",
        "S0205_2",
        "S0136_1"
      ]
    },
    "hard": {
      "intra": 12.999380107356089,
      "inter": 12.75505770728183,
      "nn": 9.597995189347175,
      "ids": [
        "S0178_2",
        "S0120_1",
        "S0120_2",
        "S0206_1",
        "S0186_2",
        "S0134_2",
        "S0154_2",
        "S0181_1",
        "S0154_1",
        "S0191_2"
      ]
    }
  }
}