{
  "friendly": {
    "intra": 0.1174864235867005,
    "inter": 0.22114528346484041,
    "nn": 0.07356406876284154,
    "ids": [
      "S0116_2",
      "S0204_1",
      "S0113_1",
      "S0155_2",
      "S0199_1",
      "S0165_1",
      "S0200_1",
      "S0210_1",
      "S0168_1",
      "S0190_2"
    ]
  },
  "hard": {
    "intra": 0.4099855366013618,
    "inter": 0.44080530615046615,
    "nn": 0.28494391856726725,
    "ids": [
      "S0120_1",
      "S0120_2",
      "S0135_2",
      "S0178_2",
      "S0206_1",
      "S0186_2",
      "S0209_1",
      "S0186_1",
      "S0154_2",
      "S0154_1"
    ]
  }
}