,intra,inter,nn
friendly,0.1174864235867005,0.22114528346484041,0.07356406876284154
hard,0.4099855366013618,0.44080530615046615,0.28494391856726725
