,intra,inter,nn
friendly,1.9659099286419104,5.026911147027111,1.6439821441832752
hard,12.999380490734438,12.75505782552072,9.5979952140483
