,intra,inter,nn
friendly,0.02285668585035536,0.051569846853033285,0.006845295429229736
hard,0.08047538333468968,0.12446976156977864,0.04003044366836548
