{
  "mmd": {
    "friendly": {
      "intra": 0.02285668585035536,
      "inter": 0.051569846853033285,
      "nn": 0.006845295429229736,
      "ids": [
        "S0204_1",
        "S0171_2",
        "S0207_2",
        "S0196_2",
        "S0199_1",
        "S0200_1",
        "S0169_1",
        "S0185_1",
        "S0194_2",
        "S0190_2"
      ]
    },
    "hard": {
      "intra": 0.08047538333468968,
      "inter": 0.12446976156977864,
      "nn": 0.04003044366836548,
      "ids": [
        "S0120_1",
        "S0120_2",
        "S0135_2",
        "S0178_2",
        "S0156_1",
        "S0206_1",
        "S0209_1",
        "S0213_2",
        "S0154_2",
        "S0154_1"
      ]
    }
  },
  "wasserstein": {
    "friendly": {
      "intra": 0.1174864235867005,
      "inter": 0.22114528346484041,
      "nn": 0.07356406876284154,
      "ids": [
        "S0116_2",
        "S0204_1",
        "S0113_1",
        "S0155_2",
        "S0199_1",
        "S0165_1",
        "S0200_1",
        "S0210_1",
        "S0168_1",
        "S0190_2"
      ]
    },
    "hard": {
      "intra": 0.4099855366013618,
      "inter": 0.44080530615046615,
      "nn": 0.28494391856726725,
      "ids": [
        "S0120_1",
        "S0120_2",
        "S0135_2",
        "S0178_2",
        "S0206_1",
        "S0186_2",
        "S0209_1",
        "S0186_1",
        "S0154_2",
        "S0154_1"
      ]
    }
  },
  "dtw": {
    "friendly": {
      "intra": 1.9659099286419104,
      "inter": 5.026911147027111,
      "nn": 1.6439821441832752,
      "ids": [
        "S0204_1",
        "S0148_1",
        "S0197_1",
        "S0210_2",
        "S0200_1",
        "S0165_2",
        "S0205_1",
        "S0205_2",
        "S0136_1",
        "S0168_1"
      ]
    },
    "hard": {
      "intra": 12.999380490734438,
      "inter": 12.75505782552072,
      "nn": 9.5979952140483,
      "ids": [
        "S0120_1",
        "S0120_2",
        "S0134_2",
        "S0181_1",
        "S0178_2",
        "S0206_1",
        "S0186_2",
        "S0191_2",
        "S0154_2",
        "S0154_1"
      ]
    }
  }
}